REPLACE INTO `conditions` (`condition_entry`, `type`, `value1`, `value2`, `value3`, `value4`, `flags`) VALUES (12399, -1, 12398, 12396, 12395, 12394, 0);
REPLACE INTO `conditions` (`condition_entry`, `type`, `value1`, `value2`, `value3`, `value4`, `flags`) VALUES (12396, 16, 600070, 0, 0, 0, 3);
REPLACE INTO `conditions` (`condition_entry`, `type`, `value1`, `value2`, `value3`, `value4`, `flags`) VALUES (12395, 16, 600071, 0, 0, 0, 3);
REPLACE INTO `conditions` (`condition_entry`, `type`, `value1`, `value2`, `value3`, `value4`, `flags`) VALUES (12394, 16, 600075, 0, 0, 0, 3);

DELETE FROM `creature` WHERE `guid` in (106014,105998,106006,106007,106005,106008,105999);

UPDATE `creature_ai_scripts` SET `condition_id`='12399' WHERE `condition_id`=12398;

UPDATE `creature_template` SET `npc_flags`='1', `script_name`='custom_naxx_boss_teleporter' WHERE `entry`=16998;

INSERT INTO `creature_template` VALUES (800099, 0, 214, 0, 0, 0, 1.35, 0, 0, 0, 0, 0, 0, 0, 0, 0, 'Zack Asmon', NULL, 0, 12, 12, 236, 236, 0, 0, 20, 35, 1, 1, 1.14286, 16, 5, 0, 0, 1, 17, 22, 0, 66, 1, 2000, 2000, 1, 262278, 0, 0, 0, 0, 0, 0, 21.2784, 29.2578, 100, 7, 0, 6466, 6466, 0, 0, 0, 0, 0, 0, 0, 0, 0, 0, 0, 0, 0, NULL, 25, 38, '', 0, 3, 0, 0, 3, 0, 0, 0, 0, 0, 0, 'custom_info_npc');
INSERT INTO `creature_template` VALUES (700099, 0, 3019, 0, 0, 0, 2.5, 0, 0, 0, 0, 0, 0, 0, 0, 0, 'Dungeoneer\'s Training Dummy', 'Molten Giant', 0, 62, 62, 129480, 129480, 0, 0, 3677, 914, 0, 0, 1, 0, 0, 0, 1, 1, 0, 0, 0, 0, 1, 1, 1, 1, 0, 0, 0, 0, 0, 0, 0, 0, 0, 0, 10, 0, 0, 0, 0, 0, 15, 15, 15, 15, 15, 0, 0, 0, 0, 0, 0, NULL, 0, 0, '', 0, 2, 0, 0, 3, 0, 0, 0, 81985691, 0, 0, 'npc_attack_dummy');
INSERT INTO `creature_template` VALUES (700098, 0, 3019, 0, 0, 0, 2.5, 0, 0, 0, 0, 0, 0, 0, 0, 0, 'Dungeoneer\'s Training Dummy', 'Core Hound', 0, 61, 61, 47160, 47160, 0, 0, 2921, 914, 0, 0, 1, 0, 0, 0, 1, 1, 0, 0, 0, 0, 1, 1, 1, 1, 0, 0, 0, 0, 0, 0, 0, 0, 0, 0, 10, 0, 0, 0, 0, 0, 15, 15, 15, 15, 15, 0, 0, 0, 0, 0, 0, NULL, 0, 0, '', 0, 2, 0, 0, 3, 0, 0, 0, 81985691, 0, 0, 'npc_attack_dummy');
INSERT INTO `creature_template` VALUES (700097, 0, 3019, 0, 0, 0, 2.5, 0, 0, 0, 0, 0, 0, 0, 0, 0, 'Dungeoneer\'s Training Dummy', 'Lava Reaver', 0, 63, 63, 83007, 83007, 0, 0, 3731, 914, 0, 0, 1, 0, 0, 0, 1, 1, 0, 0, 0, 0, 1, 1, 1, 1, 0, 0, 0, 0, 0, 0, 0, 0, 0, 0, 10, 0, 0, 0, 0, 0, 15, 15, 15, 15, 15, 0, 0, 0, 0, 0, 0, NULL, 0, 0, '', 0, 2, 0, 0, 0, 0, 0, 0, 81985691, 0, 0, 'npc_attack_dummy');
INSERT INTO `creature_template` VALUES (700096, 0, 3019, 0, 0, 0, 4, 0, 0, 0, 0, 0, 0, 0, 0, 0, 'Raider\'s Competitive Dummy', 'Maexxna', 0, 63, 63, 1498950, 1498950, 0, 0, 3731, 914, 0, 0, 0, 0, 0, 0, 3, 1, 0, 0, 0, 0, 1, 1500, 1700, 1, 0, 0, 0, 0, 0, 0, 0, 0, 0, 0, 1, 68, 0, 0, 0, 0, 15, 15, 15, 15, 15, 0, 0, 0, 0, 0, 0, NULL, 0, 0, '', 0, 1, 0, 0, 0, 0, 0, 0, 3167436667, 0, 0, 'npc_attack_dummy_boss');
INSERT INTO `creature_template` VALUES (700095, 0, 3019, 0, 0, 0, 4, 0, 0, 0, 0, 0, 0, 0, 0, 0, 'Raider\'s Competitive Dummy', 'Vaelastrasz the Corrupt', 0, 63, 63, 3331000, 3331000, 0, 0, 4691, 914, 0, 0, 0, 0, 0, 0, 3, 1, 0, 0, 0, 0, 1, 1500, 1700, 1, 0, 0, 0, 0, 0, 0, 0, 0, 0, 0, 2, 68, 0, 0, 0, 0, 15, 15, 15, 15, 15, 0, 0, 0, 0, 0, 0, NULL, 0, 0, '', 0, 1, 0, 0, 0, 0, 0, 0, 2764783455, 0, 2130177, 'npc_attack_dummy_boss');
INSERT INTO `creature_template` VALUES (700001, 0, 15557, 0, 0, 0, 1.5, 0, 0, 0, 0, 0, 0, 0, 0, 0, 'Doctor Weavil', 'Profession Trainer', 0, 60, 60, 9298, 9298, 0, 0, 3791, 777, 1, 1, 1.14286, 20, 5, 0, 1, 1, 528, 681, 0, 272, 1, 1175, 1292, 1, 262278, 0, 0, 0, 0, 0, 0, 62.016, 85.272, 100, 7, 0, 0, 0, 0, 0, 0, 0, 0, 0, 0, 0, 0, 0, 0, 0, 0, NULL, 0, 0, '', 0, 3, 0, 0, 3, 4495, 0, 0, 0, 0, 2, 'custom_professions_npc');
INSERT INTO `creature_template` VALUES (600245, 0, 9643, 0, 0, 0, 1.5, 0, 0, 0, 0, 0, 0, 0, 0, 0, 'Vaelan', 'Instance Unbinder', 0, 62, 62, 18900, 18900, 0, 0, 3791, 250, 1, 1, 1.14286, 20, 5, 0, 1, 1, 528, 681, 0, 272, 1, 1175, 1292, 1, 258, 0, 0, 0, 0, 0, 0, 62.016, 85.272, 100, 7, 0, 0, 0, 0, 0, 0, 0, 0, 0, 0, 0, 0, 0, 0, 0, 0, NULL, 0, 0, '', 0, 3, 0, 0, 3, 0, 0, 0, 0, 0, 10, 'custom_instance_reseter');
INSERT INTO `creature_template` VALUES (600075, 0, 9472, 0, 0, 0, 1.35, 0, 0, 0, 0, 0, 0, 0, 0, 0, 'Nefarius the Defeated', '', 0, 63, 63, 125180, 125180, 62640, 62640, 0, 777, 0, 1, 1.14286, 0, 0, 0, 3, 1, 1902, 2098, 0, 290, 1, 800, 1100, 1, 33088, 0, 0, 0, 0, 0, 0, 440, 605, 100, 2, 68, 0, 0, 0, 0, 15, 15, 15, 15, 15, 20741, 24668, 0, 0, 0, 0, NULL, 1360, 1781, '', 0, 3, 0, 0, 3, 10163, 0, 0, 2764783451, 0, 2, 'npc_winter_wondervolt');
INSERT INTO `creature_template` VALUES (600074, 0, 10747, 0, 0, 0, 1, 0, 0, 0, 0, 0, 0, 0, 0, 0, 'Ronald Drump', 'He\'s fucking angry all time!', 0, 63, 63, 111110, 131110, 0, 0, 8401, 777, 0, 1.1, 1.14286, 16, 5, 0, 0, 1, 3000, 5000, 0, 500, 1, 2000, 1991, 1, 0, 0, 0, 0, 0, 0, 0, 31.856, 43.802, 100, 7, 0, 0, 0, 0, 0, 0, 0, 0, 0, 0, 0, 0, 0, 0, 0, 0, NULL, 0, 0, '', 0, 3, 0, 0, 3, 600071, 0, 0, 2764783451, 0, 0, '');
INSERT INTO `creature_template` VALUES (600072, 0, 2325, 0, 0, 0, 1.4, 0, 0, 0, 0, 0, 0, 0, 0, 0, 'Mirador', NULL, 0, 50, 50, 3517, 3517, 0, 0, 2999, 35, 0, 1.1, 1.14286, 16, 5, 0, 0, 1, 85, 109, 0, 226, 1, 2000, 2000, 1, 262278, 0, 0, 0, 0, 0, 0, 66.44, 91.355, 100, 1, 0, 0, 0, 100003, 0, 0, 0, 0, 0, 0, 0, 0, 0, 0, 0, 0, NULL, 0, 0, '', 0, 3, 0, 0, 3, 0, 0, 0, 0, 0, 2, '');
INSERT INTO `creature_template` VALUES (600071, 0, 1619, 0, 0, 0, 1.35, 0, 0, 0, 0, 0, 0, 0, 0, 0, 'Eitrigg', '', 0, 63, 63, 13450, 13450, 0, 0, 8401, 777, 1, 1.1, 1.14286, 16, 5, 0, 1, 1, 350, 556, 0, 90, 1, 2000, 1991, 1, 0, 0, 0, 0, 0, 0, 0, 31.856, 43.802, 100, 7, 0, 0, 0, 0, 0, 0, 0, 0, 0, 0, 0, 0, 0, 0, 0, 0, NULL, 0, 0, '', 0, 1, 0, 0, 3, 600071, 0, 0, 2764783451, 0, 0, 'npc_boss_eitrigg');
INSERT INTO `creature_template` VALUES (600070, 0, 9477, 0, 0, 0, 1.35, 0, 0, 0, 0, 0, 0, 0, 0, 0, 'Tirion Fordring', '', 0, 63, 63, 101110, 101110, 16600, 27890, 8401, 290, 2, 1.2, 1.2, 0, 0, 0, 1, 1, 4544, 5937, 0, 290, 1, 1200, 1265, 1, 0, 0, 0, 0, 0, 0, 0, 63.756, 87.6645, 100, 7, 0, 0, 0, 0, 0, 15, 15, 15, 15, 15, 0, 0, 0, 0, 0, 0, NULL, 0, 0, '', 0, 3, 0, 0, 3, 12126, 0, 0, 2764783451, 0, 2, 'npc_winter_wondervolt');
INSERT INTO `creature_template` VALUES (600067, 0, 10744, 0, 0, 0, 1.35, 0, 0, 0, 0, 0, 0, 0, 0, 0, 'Olga Randboom', 'Arathi Basin Battlemaster', 6471, 61, 61, 7776, 7776, 0, 0, 4091, 35, 2049, 1.27, 1.14286, 20, 5, 0, 1, 1, 588, 669, 0, 278, 1, 1666, 2000, 1, 4672, 0, 0, 0, 0, 0, 0, 172.1, 240.07, 100, 7, 0, 0, 0, 0, 0, 5, 5, 5, 5, 5, 0, 0, 0, 0, 0, 0, NULL, 0, 0, '', 0, 3, 0, 0, 3, 857, 0, 0, 0, 0, 8, '');
INSERT INTO `creature_template` VALUES (600066, 0, 7109, 0, 0, 0, 1.35, 0, 0, 0, 0, 0, 0, 0, 0, 0, 'Kned Widdlfix', 'Warsong Gulch Battlemaster', 6282, 61, 61, 10626, 10626, 8019, 8019, 4091, 35, 2049, 1, 1.14286, 20, 5, 0, 1, 1, 361, 467, 0, 278, 1, 1166, 2000, 1, 4672, 0, 0, 0, 0, 0, 0, 172.1, 240.07, 100, 7, 0, 0, 0, 0, 0, 5, 5, 5, 5, 5, 0, 0, 0, 0, 0, 0, NULL, 0, 0, '', 0, 3, 0, 0, 3, 2302, 0, 0, 0, 0, 8, '');
INSERT INTO `creature_template` VALUES (600065, 0, 13336, 0, 0, 0, 1.3, 0, 0, 0, 0, 0, 0, 0, 0, 0, 'Spirit Healer', '', 0, 60, 60, 8609, 8609, 7860, 7860, 3791, 35, 64, 1, 1.14286, 20, 5, 0, 1, 1, 354, 456, 0, 272, 1, 2000, 1292, 1, 0, 0, 0, 0, 0, 0, 0, 62.016, 85.272, 100, 7, 2, 0, 0, 0, 0, 0, 0, 0, 0, 0, 0, 0, 0, 0, 0, 0, NULL, 1, 844, '', 0, 3, 0, 0, 3, 13116, 0, 0, 1073741823, 0, 2, 'npc_AoE_RezzAI');
INSERT INTO `creature_template` VALUES (600044, 0, 15688, 0, 0, 0, 1.15, 0, 0, 0, 0, 0, 0, 0, 0, 0, 'Lieutenant General Andorov', 'Arena Master', 0, 63, 63, 9563, 9563, 0, 0, 4091, 35, 1, 1, 1.14286, 20, 5, 0, 1, 1, 544, 703, 0, 278, 1, 1166, 2000, 1, 262278, 0, 0, 0, 0, 0, 0, 172.1, 240.07, 100, 7, 0, 0, 0, 0, 0, 5, 5, 5, 5, 5, 0, 0, 0, 0, 0, 0, NULL, 0, 0, '', 0, 3, 0, 0, 3, 15471, 0, 0, 0, 0, 2, 'custom_ArenaAnnouncer');
INSERT INTO `creature_template` VALUES (600030, 0, 5438, 0, 0, 0, 1.5, 0, 0, 0, 0, 0, 0, 0, 0, 0, 'Doctor Kelo Gibblon', 'Specialist in transporting Matter', 0, 60, 60, 9298, 9298, 0, 0, 3791, 777, 1, 1, 1.14286, 20, 5, 0, 1, 1, 528, 681, 0, 272, 1, 1175, 1292, 1, 262278, 0, 0, 0, 0, 0, 0, 62.016, 85.272, 100, 7, 0, 0, 0, 0, 0, 0, 0, 0, 0, 0, 0, 0, 0, 0, 0, 0, NULL, 0, 0, '', 0, 3, 0, 0, 3, 4495, 0, 0, 0, 0, 2, 'custom_teleport_npc');
INSERT INTO `creature_template` VALUES (600025, 0, 4285, 0, 0, 0, 0, 0, 0, 0, 0, 0, 0, 0, 0, 0, 'Randus Gearbizz', 'PvP Tools', 0, 55, 55, 789, 789, 0, 0, 3221, 777, 4, 1, 1.14286, 16, 5, 0, 0, 0.5, 71, 94, 0, 248, 1, 2000, 2000, 1, 262278, 0, 0, 0, 0, 0, 0, 0, 0, 0, 7, 0, 0, 0, 0, 0, 0, 0, 0, 0, 0, 0, 0, 0, 0, 0, 0, NULL, 0, 0, '', 0, 3, 0, 0, 3, 0, 0, 0, 0, 0, 2, '');
INSERT INTO `creature_template` VALUES (600024, 0, 1832, 0, 0, 0, 0, 0, 0, 0, 0, 0, 0, 0, 0, 0, 'Tomy Fizzlebizz', 'Potion & Consumables', 0, 55, 55, 789, 789, 0, 0, 3221, 777, 4, 1, 1.14286, 16, 5, 0, 0, 0.5, 71, 94, 0, 248, 1, 2000, 2000, 1, 262278, 0, 0, 0, 0, 0, 0, 0, 0, 0, 7, 0, 0, 0, 0, 0, 0, 0, 0, 0, 0, 0, 0, 0, 0, 0, 0, NULL, 0, 0, '', 0, 3, 0, 0, 3, 0, 0, 0, 0, 0, 2, '');
INSERT INTO `creature_template` VALUES (600019, 0, 589, 0, 0, 0, 2, 0, 0, 0, 0, 0, 0, 0, 0, 0, 'Tschornobill', '', 0, 50, 50, 2685, 2685, 0, 0, 0, 777, 0, 1, 1.14286, 16, 5, 0, 0, 1, 125, 149, 0, 226, 1, 1510, 1661, 1, 262278, 0, 0, 0, 0, 0, 0, 66.44, 91.355, 100, 1, 0, 659, 0, 0, 0, 0, 0, 0, 0, 0, 0, 0, 0, 0, 0, 0, '18951', 45, 224, '', 1, 3, 0, 0, 3, 0, 0, 0, 0, 0, 2, '');
INSERT INTO `creature_template` VALUES (600018, 0, 10089, 0, 0, 0, 1.5, 0, 0, 0, 0, 0, 0, 0, 0, 0, 'Finkle Einhorn', '"Has every Item..."', 0, 60, 60, 9298, 9298, 0, 0, 3791, 120, 4097, 1, 1.14286, 20, 5, 0, 1, 1, 528, 681, 0, 272, 1, 1175, 1292, 1, 262278, 0, 0, 0, 0, 0, 0, 62.016, 85.272, 100, 7, 0, 0, 0, 0, 0, 0, 0, 0, 0, 0, 0, 0, 0, 0, 0, 0, NULL, 0, 0, '', 0, 3, 0, 0, 3, 600018, 0, 0, 0, 0, 10, 'custom_npc_auctionhousebot');
INSERT INTO `creature_template` VALUES (600016, 0, 1542, 0, 0, 0, 1, 0, 0, 0, 0, 0, 0, 0, 0, 0, 'Arch Druid Glaidalis', 'Master Shapeshifter', 0, 60, 60, 55234, 55234, 5751, 5751, 3791, 777, 16389, 1, 1.14286, 20, 5, 0, 1, 1, 531, 719, 0, 272, 1, 1400, 1550, 1, 262278, 0, 0, 0, 0, 0, 0, 650.9, 751.6, 219, 7, 0, 0, 0, 0, 0, 0, 0, 0, 0, 0, 0, 0, 0, 0, 0, 0, NULL, 0, 0, '', 0, 3, 0, 0, 3, 600016, 0, 0, 0, 0, 2, 'TemplateNPC');
INSERT INTO `creature_template` VALUES (600015, 0, 7274, 0, 0, 0, 1.35, 0, 0, 0, 0, 0, 0, 0, 0, 0, 'Priestess of Elune', 'Holy Moly!', 0, 60, 60, 34567, 45756, 3456, 4578, 3791, 777, 16389, 1, 1.14286, 20, 5, 0, 1, 1, 531, 719, 0, 272, 1, 1400, 1550, 1, 262278, 0, 0, 0, 0, 0, 0, 650.9, 751.6, 219, 7, 0, 0, 0, 0, 0, 0, 0, 0, 0, 0, 0, 0, 0, 0, 0, 0, NULL, 0, 0, '', 0, 3, 0, 0, 3, 600015, 0, 0, 0, 0, 2, 'TemplateNPC');
INSERT INTO `creature_template` VALUES (600014, 0, 15976, 0, 0, 0, 1.35, 0, 0, 0, 0, 0, 0, 0, 0, 0, 'Muln Earthfury', 'Leader of the Earthen Ring', 0, 60, 60, 35234, 45234, 5751, 5751, 3791, 777, 16389, 1, 1.14286, 20, 5, 0, 1, 1, 531, 719, 0, 272, 1, 1400, 1550, 1, 262278, 0, 0, 0, 0, 0, 0, 650.9, 751.6, 219, 7, 0, 0, 0, 0, 0, 0, 0, 0, 0, 0, 0, 0, 0, 0, 0, 0, '25020 13236', 0, 0, '', 0, 3, 0, 0, 3, 600014, 0, 0, 0, 0, 2, 'TemplateNPC');
INSERT INTO `creature_template` VALUES (600013, 0, 10925, 0, 0, 0, 0, 0, 0, 0, 0, 0, 0, 0, 0, 0, 'Lady Cersei', 'Hazza\'rah\'s Minion', 0, 61, 61, 29832, 29832, 3454, 4573, 3316, 777, 0, 1, 1.14286, 20, 5, 0, 2, 1, 360, 403, 0, 278, 1, 1141, 2000, 2, 262278, 0, 0, 0, 0, 0, 0, 172.1, 240.07, 100, 3, 0, 10201, 0, 0, 0, 5, 5, 5, 5, 5, 17146, 0, 0, 0, 0, 0, NULL, 1938, 2535, '', 1, 1, 0, 0, 3, 0, 0, 0, 0, 0, 2, '');
INSERT INTO `creature_template` VALUES (600012, 0, 15267, 0, 0, 0, 1.35, 0, 0, 0, 0, 0, 0, 0, 0, 0, 'Warlord Hazza\'rah', 'Lord of Destruction', 0, 60, 60, 55234, 55234, 2344, 4543, 3791, 777, 16389, 1, 1.14286, 20, 5, 0, 1, 1, 531, 719, 0, 272, 1, 1400, 1550, 1, 262278, 0, 0, 0, 0, 0, 0, 650.9, 751.6, 219, 7, 0, 0, 0, 0, 0, 0, 0, 0, 0, 0, 0, 0, 0, 0, 0, 0, '21392', 0, 0, '', 0, 3, 0, 0, 3, 600012, 0, 0, 0, 0, 2, 'TemplateNPC');
INSERT INTO `creature_template` VALUES (600011, 0, 15845, 0, 0, 0, 1.35, 0, 0, 0, 0, 0, 0, 0, 0, 14577, 'Colin Thundermar', 'The Thundermar Clan', 0, 60, 60, 125234, 125234, 0, 0, 3791, 777, 16389, 1, 1.14286, 20, 5, 0, 1, 1, 531, 719, 0, 272, 1, 1400, 1550, 1, 262278, 0, 0, 0, 0, 0, 0, 650.9, 751.6, 219, 7, 0, 0, 0, 0, 0, 0, 0, 0, 0, 0, 0, 0, 0, 0, 0, 0, NULL, 0, 0, '', 0, 3, 0, 0, 3, 600011, 0, 0, 0, 0, 2, 'TemplateNPC');
INSERT INTO `creature_template` VALUES (600010, 0, 15843, 0, 0, 0, 1.35, 0, 0, 0, 0, 0, 0, 0, 0, 0, 'Highlord Leoric Von Zeldig', 'Might of Kalimdor', 0, 60, 60, 55234, 55234, 0, 0, 3791, 777, 16389, 1, 1.14286, 20, 5, 0, 1, 1, 531, 719, 0, 272, 1, 1400, 1550, 1, 262278, 0, 0, 0, 0, 0, 0, 650.9, 751.6, 219, 7, 0, 0, 0, 0, 0, 0, 0, 0, 0, 0, 0, 0, 0, 0, 0, 0, NULL, 0, 0, '', 0, 3, 0, 0, 3, 600010, 0, 0, 0, 0, 2, 'TemplateNPC');
INSERT INTO `creature_template` VALUES (600006, 0, 15320, 0, 0, 0, 1.1, 0, 0, 0, 0, 0, 0, 0, 0, 0, 'Grand Marshal Veondar', 'SI:7', 0, 60, 60, 55234, 55234, 0, 0, 3791, 777, 16389, 1, 1.14286, 20, 5, 0, 1, 1, 531, 719, 0, 272, 1, 1400, 1550, 1, 262278, 0, 0, 0, 0, 0, 0, 650.9, 751.6, 219, 7, 0, 0, 0, 0, 0, 0, 0, 0, 0, 0, 0, 0, 0, 0, 0, 0, NULL, 0, 0, '', 0, 3, 0, 0, 3, 600006, 0, 0, 0, 0, 2, 'TemplateNPC');
INSERT INTO `creature_template` VALUES (600005, 0, 5377, 0, 0, 0, 1.35, 0, 0, 0, 0, 0, 0, 0, 0, 0, 'Announcer Bruce Buffer', 'DPS Ranking Assistant', 0, 60, 60, 55234, 55234, 5751, 5751, 3791, 777, 1, 1, 1.14286, 20, 5, 0, 1, 1, 531, 719, 0, 272, 1, 1400, 1550, 1, 262278, 0, 0, 0, 0, 0, 0, 650.9, 751.6, 219, 7, 0, 0, 0, 0, 0, 0, 0, 0, 0, 0, 0, 0, 0, 0, 0, 0, NULL, 0, 0, '', 0, 3, 0, 0, 3, 600004, 0, 0, 0, 0, 2, 'npc_announcer_dummy');
INSERT INTO `creature_template` VALUES (600004, 0, 6446, 0, 0, 0, 1.35, 0, 0, 0, 0, 0, 0, 0, 0, 0, 'Announcer Michael Buffer', 'DPS Ranking Assistant', 0, 60, 60, 55234, 55234, 5751, 5751, 3791, 777, 1, 1, 1.14286, 20, 5, 0, 1, 1, 531, 719, 0, 272, 1, 1400, 1550, 1, 262278, 0, 0, 0, 0, 0, 0, 650.9, 751.6, 219, 7, 0, 0, 0, 0, 0, 0, 0, 0, 0, 0, 0, 0, 0, 0, 0, 0, NULL, 0, 0, '', 0, 3, 0, 0, 3, 600004, 0, 0, 0, 0, 2, 'npc_announcer_dummy');
INSERT INTO `creature_template` VALUES (600003, 0, 15994, 0, 0, 0, 1.35, 0, 0, 0, 0, 0, 0, 0, 0, 0, 'Millhouse Manastorm', 'The Master Mage', 0, 60, 60, 55234, 55234, 5751, 5751, 3791, 777, 16389, 1, 1.14286, 20, 5, 0, 1, 1, 531, 719, 0, 272, 1, 1400, 1550, 1, 262278, 0, 0, 0, 0, 0, 0, 650.9, 751.6, 219, 7, 0, 0, 0, 0, 0, 0, 0, 0, 0, 0, 0, 0, 0, 0, 0, 0, '21227', 0, 0, '', 0, 4, 0, 0, 3, 600003, 0, 0, 0, 0, 64, 'TemplateNPC');
INSERT INTO `creature_template` VALUES (600002, 0, 10169, 0, 0, 0, 0, 0, 0, 0, 0, 0, 0, 0, 0, 0, 'Fat Ugly Ogre', 'Consumables', 0, 60, 60, 7067, 8907, 0, 0, 6890, 777, 4, 1, 1.14286, 16, 5, 0, 0, 1, 2, 2, 0, 272, 1, 2000, 2000, 1, 0, 0, 0, 0, 0, 0, 0, 0, 0, 0, 7, 0, 0, 0, 0, 0, 0, 0, 0, 0, 0, 0, 0, 0, 0, 0, 0, NULL, 0, 0, '', 0, 3, 0, 0, 3, 11498, 0, 0, 0, 0, 2, '');
INSERT INTO `creature_template` VALUES (600001, 0, 15844, 0, 0, 0, 1.35, 0, 0, 0, 0, 0, 0, 0, 0, 0, 'Grandmaster B.', 'Every Hunter\'s Bro', 0, 60, 60, 75234, 75234, 5751, 5751, 3791, 777, 24581, 1, 1.14286, 20, 5, 0, 1, 1, 531, 719, 0, 272, 1, 1400, 1550, 1, 262278, 0, 0, 0, 0, 0, 0, 650.9, 751.6, 219, 7, 0, 0, 0, 0, 0, 0, 0, 0, 0, 0, 0, 0, 0, 0, 0, 0, NULL, 0, 0, '', 0, 3, 0, 0, 3, 600001, 0, 0, 0, 0, 2, 'TemplateNPC');
INSERT INTO `creature_template` VALUES (600000, 0, 10993, 0, 0, 0, 0.5, 0, 0, 0, 0, 0, 0, 0, 0, 0, 'Hellboy', 'Grandmaster B\'s Pet', 0, 60, 60, 5844, 5859, 0, 0, 3136, 777, 0, 1.05, 1.14286, 16, 5, 0, 0, 1, 89, 111, 0, 238, 1, 2000, 2000, 1, 262278, 0, 0, 0, 0, 0, 0, 65.56, 90.145, 100, 3, 0, 5993, 0, 5993, 0, 106, 0, 0, 0, 0, 11970, 6268, 0, 0, 59930, 0, '28126', 0, 0, '', 1, 1, 0, 0, 3, 0, 0, 0, 0, 0, 2, '');
INSERT INTO `creature_template` VALUES (500004, 0, 4587, 0, 0, 0, 0, 0, 0, 0, 0, 0, 0, 0, 0, 0, 'Mana Spring Totem', NULL, 0, 60, 60, 1309, 1309, 300, 300, 0, 777, 0, 0.01, 1.14286, 16, 5, 0, 0, 1, 9, 9, 0, 110, 1, 1740, 1914, 1, 262278, 0, 10, 0, 0, 0, 0, 39.8112, 54.7404, 100, 10, 0, 0, 0, 0, 0, 0, 0, 0, 0, 0, 5677, 0, 0, 0, 0, 0, NULL, 0, 0, '', 0, 3, 0, 0, 3, 0, 0, 0, 0, 0, 0, '');
INSERT INTO `creature_template` VALUES (500003, 0, 4588, 0, 0, 0, 0, 0, 0, 0, 0, 0, 0, 0, 0, 0, 'Stoneskin Totem', NULL, 0, 60, 60, 2972, 2972, 300, 300, 0, 777, 0, 0.01, 1.14286, 16, 5, 0, 0, 1, 9, 9, 0, 204, 1, 1550, 1705, 1, 262278, 0, 0, 0, 0, 0, 0, 61.38, 84.3975, 100, 10, 0, 0, 0, 0, 0, 0, 0, 0, 0, 0, 10404, 0, 0, 0, 0, 0, NULL, 5, 23, '', 0, 3, 0, 0, 3, 0, 0, 0, 0, 0, 0, '');
INSERT INTO `creature_template` VALUES (500002, 0, 4590, 0, 0, 0, 0, 0, 0, 0, 0, 0, 0, 0, 0, 0, 'Windfury Totem', NULL, 0, 60, 60, 2016, 2016, 300, 300, 0, 777, 0, 0.01, 1.14286, 16, 5, 0, 0, 1, 9, 9, 0, 138, 1, 1660, 1826, 1, 262278, 0, 10, 0, 0, 0, 0, 51.128, 70.301, 100, 10, 0, 0, 0, 0, 0, 0, 0, 0, 0, 0, 8515, 8516, 0, 0, 0, 0, NULL, 0, 0, '', 0, 3, 0, 0, 3, 0, 0, 0, 0, 0, 0, '');
INSERT INTO `creature_template` VALUES (500001, 0, 4683, 0, 0, 0, 0, 0, 0, 0, 0, 0, 0, 0, 0, 0, 'Fire Nova Totem', NULL, 0, 60, 60, 594, 594, 596, 596, 20, 777, 0, 0.01, 1.14286, 16, 5, 0, 0, 1, 9, 9, 0, 70, 1, 1850, 2035, 1, 262278, 0, 10, 0, 0, 0, 0, 22.792, 31.339, 100, 10, 0, 0, 0, 0, 0, 0, 0, 0, 0, 0, 8443, 0, 0, 0, 0, 0, NULL, 0, 0, '', 0, 3, 0, 0, 3, 0, 0, 0, 0, 0, 0, '');
INSERT INTO `creature_template` VALUES (309949, 0, 5205, 0, 0, 0, 1.35, 0, 0, 0, 0, 0, 0, 0, 0, 0, 'Clone of Gamon', 'Heal him!', 0, 60, 60, 12000, 12000, 0, 0, 0, 777, 0, 0, 1, 0, 0, 0, 0, 1, 300, 500, 0, 1200, 2, 1, 1, 1, 266752, 0, 0, 0, 0, 0, 0, 0, 0, 0, 10, 0, 0, 0, 0, 0, 0, 0, 0, 0, 0, 0, 0, 0, 0, 0, 0, NULL, 0, 0, '', 0, 2, 1, 0, 0, 0, 0, 0, 81985691, 0, 524298, 'npc_heal_dummy');
INSERT INTO `creature_template` VALUES (309948, 0, 1415, 0, 0, 0, 2, 0, 0, 0, 0, 0, 0, 0, 0, 0, 'Healing Dummy', 'just for testing now... coming more soon!', 0, 60, 60, 12000, 12000, 0, 0, 0, 35, 0, 0, 1, 0, 0, 0, 0, 1, 300, 500, 0, 1200, 2, 1, 1, 1, 4672, 0, 0, 0, 0, 0, 0, 0, 0, 0, 10, 0, 0, 0, 0, 0, 0, 0, 0, 0, 0, 0, 0, 0, 0, 0, 0, NULL, 0, 0, '', 0, 2, 0, 0, 0, 0, 0, 0, 81985691, 0, 6, 'npc_heal_dummy');
INSERT INTO `creature_template` VALUES (80000, 0, 11686, 0, 0, 0, 1.7, 0, 0, 0, 0, 0, 0, 0, 0, 0, 'Super Buffer Supreme XXL', '', 0, 1, 1, 64, 64, 0, 0, 20, 35, 0, 0.91, 1.14286, 16, 5, 0, 0, 1, 2, 2, 0, 44, 1, 2000, 2200, 1, 33555202, 0, 0, 0, 0, 0, 0, 1.76, 2.42, 100, 10, 0, 0, 0, 100008, 0, 0, 0, 0, 0, 0, 0, 0, 0, 0, 0, 0, '31951 20370', 0, 0, '', 0, 3, 0, 0, 3, 0, 0, 0, 0, 0, 0, 'npc_winter_wondervolt');
INSERT INTO `creature_template` VALUES (90007, 0, 11686, 0, 0, 0, 1, 0, 0, 0, 0, 0, 0, 0, 0, 0, 'Arena Watcher', '', 0, 1, 1, 64, 64, 0, 0, 20, 31, 0, 0.91, 1.14286, 16, 5, 0, 0, 1, 2, 2, 0, 44, 1, 2000, 2200, 1, 33555202, 0, 0, 0, 0, 0, 0, 1.76, 2.42, 100, 10, 0, 0, 0, 100008, 0, 0, 0, 0, 0, 0, 0, 0, 0, 0, 0, 0, NULL, 0, 0, '', 0, 3, 0, 0, 3, 0, 0, 0, 0, 0, 0, 'npc_winter_wondervolt');
INSERT INTO `creature_template` VALUES (60000, 0, 3019, 0, 0, 0, 2, 0, 0, 0, 0, 0, 0, 0, 0, 0, 'Training Dummy', 'Damage', 0, 60, 60, 42000, 52000, 0, 0, 2200, 914, 0, 0, 1, 0, 0, 0, 0, 1, 0, 0, 0, 0, 1, 1, 1, 1, 0, 0, 0, 0, 0, 0, 0, 0, 0, 0, 10, 0, 0, 0, 0, 0, 0, 0, 0, 0, 0, 0, 0, 0, 0, 0, 0, NULL, 0, 0, '', 0, 2, 0, 0, 3, 0, 0, 0, 81985691, 0, 0, 'npc_attack_dummy');
REPLACE INTO `creature_template` VALUES (93467, 0, 1935, 0, 0, 0, 0, 0, 0, 0, 0, 0, 0, 0, 0, 0, 'Brombar Higgleby', 'The Keymaster', 9203, 40, 40, 1752, 1752, 0, 0, 1890, 35, 4, 1.14, 1.14286, 16, 5, 0, 0, 1, 61, 78, 0, 156, 1, 2000, 2000, 1, 4608, 0, 0, 0, 0, 0, 0, 56.672, 77.924, 100, 7, 0, 0, 0, 0, 0, 0, 0, 0, 0, 0, 0, 0, 0, 0, 0, 0, NULL, 0, 0, 'EventAI', 0, 3, 0, 0, 3, 0, 0, 0, 0, 0, 524298, '');

INSERT INTO `creature_equip_template` VALUES (600001, 0, 18282, 19364, 18282);
INSERT INTO `creature_equip_template` VALUES (600003, 0, 14873, 0, 0);
INSERT INTO `creature_equip_template` VALUES (600004, 0, 0, 12861, 0);
INSERT INTO `creature_equip_template` VALUES (600006, 0, 18583, 18584, 1906);
INSERT INTO `creature_equip_template` VALUES (600010, 0, 13262, 0, 0);
INSERT INTO `creature_equip_template` VALUES (600011, 0, 19019, 19349, 0);
INSERT INTO `creature_equip_template` VALUES (600012, 0, 18874, 0, 0);
INSERT INTO `creature_equip_template` VALUES (600014, 0, 22213, 12456, 0);
INSERT INTO `creature_equip_template` VALUES (600015, 0, 18608, 0, 0);
INSERT INTO `creature_equip_template` VALUES (600016, 0, 23051, 23051, 0);
INSERT INTO `creature_equip_template` VALUES (600018, 0, 18803, 0, 0);
INSERT INTO `creature_equip_template` VALUES (600070, 0, 13262, 0, 0);
INSERT INTO `creature_equip_template` VALUES (600071, 0, 21580, 0, 0);

REPLACE INTO `creature` VALUES (2530917, 93467, 0, 0, 0, 1, -11852.6, -4770.45, 5.79983, 0.955801, 25, 25, 0, 100, 100, 0, 0, 0, 0, 10);
INSERT INTO `creature` VALUES (2530704, 80000, 0, 0, 0, 1, -11839.4, -4770.6, 6.97894, 0.0565052, 25, 25, 0, 100, 0, 0, 0, 0, 0, 10);
INSERT INTO `creature` VALUES (2530885, 60000, 0, 0, 0, 1, -11875.1, -4859.85, 1.09826, 4.30559, 25, 25, 0, 100, 0, 0, 0, 0, 0, 10);
INSERT INTO `creature` VALUES (2530826, 60000, 0, 0, 0, 1, -11857.9, -4843.54, 4.09124, 1.59587, 25, 25, 0, 100, 0, 0, 0, 0, 0, 10);
INSERT INTO `creature` VALUES (2530825, 60000, 0, 0, 0, 1, -11854.8, -4846.06, 3.88642, 1.78044, 25, 25, 0, 100, 0, 0, 0, 0, 0, 10);
INSERT INTO `creature` VALUES (2530823, 60000, 0, 0, 0, 1, -11851.7, -4843.4, 4.99725, 1.78044, 25, 25, 0, 100, 0, 0, 0, 0, 0, 10);
INSERT INTO `creature` VALUES (2530824, 60000, 0, 0, 0, 1, -11848.1, -4844.65, 5.01294, 1.78044, 25, 25, 0, 100, 0, 0, 0, 0, 0, 10);
INSERT INTO `creature` VALUES (2530827, 60000, 0, 0, 0, 1, -11846.3, -4841.37, 5.81989, 2.24382, 25, 25, 0, 100, 0, 0, 0, 0, 0, 10);
INSERT INTO `creature` VALUES (2530890, 90007, 0, 0, 0, 0, 1903, 2548, 131.252, 4.68586, 25, 25, 0, 100, 0, 0, 0, 0, 0, 10);
INSERT INTO `creature` VALUES (2530695, 500001, 0, 0, 0, 1, -11781.5, -4725.08, 2.57205, 0.516871, 25, 25, 0, 100, 100, 0, 0, 0, 0, 10);
INSERT INTO `creature` VALUES (2530696, 500002, 0, 0, 0, 1, -11778.8, -4723.53, 2.62646, 0.516871, 25, 25, 0, 100, 100, 0, 0, 0, 0, 10);
INSERT INTO `creature` VALUES (2530697, 500003, 0, 0, 0, 1, -11780.9, -4719.88, 2.50386, 0.516871, 25, 25, 0, 100, 100, 0, 0, 0, 0, 10);
INSERT INTO `creature` VALUES (2530698, 500004, 0, 0, 0, 1, -11783.5, -4721.34, 2.44444, 0.516871, 25, 25, 0, 100, 100, 0, 0, 0, 0, 10);
INSERT INTO `creature` VALUES (2530656, 600000, 0, 0, 0, 1, -11773.6, -4750.56, 2.45626, 5.50341, 25, 25, 5, 100, 0, 1, 0, 0, 0, 10);
INSERT INTO `creature` VALUES (2530703, 600001, 0, 0, 0, 1, -11769.9, -4757.84, 2.38743, 0.201774, 25, 25, 0, 100, 100, 0, 0, 0, 0, 10);
INSERT INTO `creature` VALUES (2530871, 600001, 0, 0, 0, 44, 401.935, -80.8515, 30.8292, 4.25051, 25, 25, 0, 100, 100, 0, 0, 0, 0, 10);
INSERT INTO `creature` VALUES (2530879, 600002, 0, 0, 0, 1, -11844.9, -4781, 6.72404, 5.80172, 25, 25, 0, 100, 0, 0, 0, 0, 0, 10);
INSERT INTO `creature` VALUES (2530959, 600003, 0, 0, 0, 1, -11837.2, -4718.29, 7.4367, 4.61969, 25, 25, 0, 100, 100, 0, 0, 0, 0, 10);
INSERT INTO `creature` VALUES (2530830, 600004, 0, 0, 0, 1, -11797, -4773.17, 7.44336, 2.6829, 25, 25, 0, 100, 100, 0, 0, 0, 0, 10);
INSERT INTO `creature` VALUES (2530846, 600004, 0, 0, 0, 44, 400.831, -51.5822, 30.831, 3.12353, 25, 25, 0, 100, 100, 0, 0, 0, 0, 10);
INSERT INTO `creature` VALUES (2530816, 600005, 0, 0, 0, 1, -11826.1, -4808.63, 7.10602, 2.41034, 25, 25, 0, 100, 100, 0, 0, 0, 0, 10);
INSERT INTO `creature` VALUES (2530845, 600005, 0, 0, 0, 44, 348.349, -50.9569, 30.8298, 6.20228, 25, 25, 0, 100, 100, 0, 0, 0, 0, 10);
INSERT INTO `creature` VALUES (2530837, 600006, 0, 0, 0, 1, -11867.3, -4719.85, 5.92137, 0.0708117, 25, 25, 0, 100, 0, 0, 0, 0, 0, 10);
INSERT INTO `creature` VALUES (2530874, 600006, 0, 0, 0, 44, 432.23, -112.768, 32.0719, 1.59578, 25, 25, 0, 100, 0, 0, 0, 0, 0, 10);
INSERT INTO `creature` VALUES (2530838, 600010, 0, 0, 0, 1, -11875.9, -4730.8, 5.92183, 6.0791, 25, 25, 0, 100, 0, 0, 0, 0, 0, 10);
INSERT INTO `creature` VALUES (2530868, 600010, 0, 0, 0, 44, 423.026, -81.8372, 30.8265, 4.74923, 25, 25, 0, 100, 0, 0, 0, 0, 0, 10);
INSERT INTO `creature` VALUES (2530839, 600011, 0, 0, 0, 1, -11877.3, -4739.26, 5.92377, 0.369251, 25, 25, 0, 100, 0, 0, 0, 0, 0, 10);
INSERT INTO `creature` VALUES (2530869, 600011, 0, 0, 0, 44, 412.87, -80.5792, 30.8282, 4.76102, 25, 25, 0, 100, 0, 0, 0, 0, 0, 10);
INSERT INTO `creature` VALUES (2530677, 600012, 0, 0, 0, 1, -11810.9, -4731.6, 6.0278, 1.24804, 25, 25, 0, 100, 0, 0, 0, 0, 0, 10);
INSERT INTO `creature` VALUES (2530867, 600012, 0, 0, 0, 44, 435.564, -82.4109, 30.8232, 3.99917, 25, 25, 0, 100, 100, 0, 0, 0, 0, 10);
INSERT INTO `creature` VALUES (2530678, 600013, 0, 0, 0, 1, -11817.4, -4726.16, 7.15016, 5.48372, 25, 25, 5, 100, 100, 1, 0, 0, 0, 10);
INSERT INTO `creature` VALUES (2530681, 600014, 0, 0, 0, 1, -11781, -4722.38, 2.71652, 0.555225, 25, 25, 0, 100, 0, 0, 0, 0, 0, 10);
INSERT INTO `creature` VALUES (2530866, 600014, 0, 0, 0, 44, 436.066, -95.399, 30.8259, 2.54619, 25, 25, 0, 100, 100, 0, 0, 0, 0, 10);
INSERT INTO `creature` VALUES (2530683, 600015, 0, 0, 0, 1, -11851, -4732.09, 7.03646, 0.449618, 25, 25, 0, 100, 100, 0, 0, 0, 0, 10);
INSERT INTO `creature` VALUES (2530872, 600015, 0, 0, 0, 44, 414.048, -112.069, 32.0719, 1.56053, 25, 25, 0, 100, 100, 0, 0, 0, 0, 10);
INSERT INTO `creature` VALUES (2530836, 600016, 0, 0, 0, 1, -11788.5, -4718.77, 2.33721, 4.52791, 25, 25, 0, 100, 100, 0, 0, 0, 0, 10);
INSERT INTO `creature` VALUES (2530865, 600016, 0, 0, 0, 44, 423.167, -95.4339, 30.8302, 1.60764, 25, 25, 0, 100, 100, 0, 0, 0, 0, 10);
INSERT INTO `creature` VALUES (2530938, 600018, 0, 0, 0, 1, -11848.8, -4757.79, 6.21173, 0.415845, 25, 25, 0, 100, 100, 0, 0, 0, 0, 10);
INSERT INTO `creature` VALUES (2530848, 600018, 0, 0, 0, 44, 393.517, -100.291, 32.4929, 3.47297, 25, 25, 0, 100, 0, 0, 0, 0, 0, 10);
INSERT INTO `creature` VALUES (2530768, 600019, 0, 0, 0, 1, -11786.7, -4776.27, 10.085, 2.81718, 25, 25, 5, 100, 0, 1, 0, 0, 0, 10);
INSERT INTO `creature` VALUES (2530769, 600024, 0, 0, 0, 1, -11850.5, -4771.1, 5.73981, 1.76085, 25, 25, 0, 100, 0, 0, 0, 0, 0, 10);
INSERT INTO `creature` VALUES (2530863, 600024, 0, 0, 0, 44, 353.007, -115.937, 32.4935, 0.979323, 25, 25, 0, 100, 0, 0, 0, 0, 0, 10);
INSERT INTO `creature` VALUES (2530770, 600025, 0, 0, 0, 1, -11853.4, -4768.25, 5.79392, 0.00940657, 25, 25, 0, 100, 0, 0, 0, 0, 0, 10);
INSERT INTO `creature` VALUES (2530862, 600025, 0, 0, 0, 44, 359.611, -116.661, 32.488, 1.92966, 25, 25, 0, 100, 0, 0, 0, 0, 0, 10);
INSERT INTO `creature` VALUES (2530773, 600030, 0, 0, 0, 1, -11846, -4740.46, 6.35744, 6.27719, 25, 25, 0, 100, 0, 0, 0, 0, 0, 10);
INSERT INTO `creature` VALUES (2530850, 600030, 0, 0, 0, 44, 401.404, -97.5169, 32.4949, 1.75685, 25, 25, 0, 100, 0, 0, 0, 0, 0, 10);
INSERT INTO `creature` VALUES (2530914, 600044, 0, 0, 0, 1, -11853.9, -4798.48, 6.01926, 0.445205, 25, 25, 0, 100, 0, 0, 0, 0, 0, 10);
INSERT INTO `creature` VALUES (2530875, 600065, 0, 0, 0, 1, -11815.3, -4711.34, 16.8634, 4.41584, 25, 25, 0, 100, 100, 0, 0, 0, 0, 10);
INSERT INTO `creature` VALUES (2531057, 600070, 0, 0, 0, 1, -11866.5, -4702.46, 5.93202, 2.16535, 25, 25, 0, 100, 100, 0, 0, 0, 0, 10);
INSERT INTO `creature` VALUES (2530808, 600071, 0, 0, 0, 1, -11878.3, -4714.14, 12.6336, 1.56835, 25, 25, 0, 100, 0, 0, 0, 0, 0, 10);
INSERT INTO `creature` VALUES (2530809, 600072, 0, 0, 0, 1, -11859.4, -4707.63, 6.00841, 3.16667, 25, 25, 0, 100, 0, 0, 0, 0, 0, 10);
INSERT INTO `creature` VALUES (2531058, 600075, 0, 0, 0, 1, -11869.9, -4704.61, 5.96215, 2.09074, 25, 25, 0, 100, 100, 0, 0, 0, 0, 10);
INSERT INTO `creature` VALUES (2530918, 600245, 0, 0, 0, 1, -11842.1, -4720.56, 6.00351, 4.57287, 25, 25, 0, 100, 100, 0, 0, 0, 0, 10);
INSERT INTO `creature` VALUES (2530886, 700001, 0, 0, 0, 1, -11848.8, -4737.25, 6.57034, 0.476745, 25, 25, 0, 100, 0, 0, 0, 0, 0, 10);
INSERT INTO `creature` VALUES (2530926, 700096, 0, 0, 0, 1, -11821.4, -4804.86, 6.1596, 2.36169, 25, 25, 0, 100, 100, 0, 0, 0, 0, 10);
INSERT INTO `creature` VALUES (2530924, 700096, 0, 0, 0, 1, -11797.6, -4779.96, 5.92076, 3.18316, 25, 25, 0, 100, 100, 0, 0, 0, 0, 10);
INSERT INTO `creature` VALUES (2530936, 700096, 0, 0, 0, 1, -11832.9, -4812.3, 5.92105, 1.97009, 25, 25, 0, 100, 100, 0, 0, 0, 0, 10);
INSERT INTO `creature` VALUES (2530923, 700096, 0, 0, 0, 1, -11787.2, -4765.72, 5.77036, 2.01291, 25, 25, 0, 100, 100, 0, 0, 0, 0, 10);
INSERT INTO `creature` VALUES (2530929, 700096, 0, 0, 0, 1, -11838.9, -4814.47, 5.9213, 1.61558, 25, 25, 0, 100, 100, 0, 0, 0, 0, 10);
INSERT INTO `creature` VALUES (2530937, 700097, 0, 0, 0, 1, -11870, -4835.53, 5.02487, 5.92735, 25, 25, 0, 100, 100, 0, 0, 0, 0, 10);
INSERT INTO `creature` VALUES (2530932, 700098, 0, 0, 0, 1, -11868.3, -4831.53, 5.7512, 5.57785, 25, 25, 0, 100, 100, 0, 0, 0, 0, 10);
INSERT INTO `creature` VALUES (2530969, 700099, 0, 0, 0, 1, -11864.1, -4827.82, 5.92198, 5.30677, 25, 25, 0, 100, 100, 0, 0, 0, 0, 10);
INSERT INTO `creature` VALUES (2530934, 800099, 0, 0, 0, 1, -11831.2, -4756.52, 6.28315, 2.97032, 25, 25, 0, 100, 100, 0, 0, 0, 0, 10);

INSERT INTO `creature` (`guid`, `id`, `id2`, `id3`, `id4`, `map`, `position_x`, `position_y`, `position_z`, `orientation`, `spawntimesecsmin`, `spawntimesecsmax`, `wander_distance`, `health_percent`, `mana_percent`, `movement_type`, `spawn_flags`, `visibility_mod`, `patch_min`, `patch_max`) VALUES (2531056, 16356, 0, 0, 0, 1, -11876.5, -4575.54, 0.656396, 1.71517, 25, 25, 0, 100, 100, 0, 0, 0, 0, 10);
INSERT INTO `creature` (`guid`, `id`, `id2`, `id3`, `id4`, `map`, `position_x`, `position_y`, `position_z`, `orientation`, `spawntimesecsmin`, `spawntimesecsmax`, `wander_distance`, `health_percent`, `mana_percent`, `movement_type`, `spawn_flags`, `visibility_mod`, `patch_min`, `patch_max`) VALUES (2531055, 16356, 0, 0, 0, 1, -11876.4, -4584.35, 2.32708, 1.71517, 25, 25, 0, 100, 100, 0, 0, 0, 0, 10);
INSERT INTO `creature` (`guid`, `id`, `id2`, `id3`, `id4`, `map`, `position_x`, `position_y`, `position_z`, `orientation`, `spawntimesecsmin`, `spawntimesecsmax`, `wander_distance`, `health_percent`, `mana_percent`, `movement_type`, `spawn_flags`, `visibility_mod`, `patch_min`, `patch_max`) VALUES (2531054, 16356, 0, 0, 0, 1, -11877.3, -4590.21, 3.61551, 1.71517, 25, 25, 0, 100, 100, 0, 0, 0, 0, 10);
INSERT INTO `creature` (`guid`, `id`, `id2`, `id3`, `id4`, `map`, `position_x`, `position_y`, `position_z`, `orientation`, `spawntimesecsmin`, `spawntimesecsmax`, `wander_distance`, `health_percent`, `mana_percent`, `movement_type`, `spawn_flags`, `visibility_mod`, `patch_min`, `patch_max`) VALUES (2531053, 16356, 0, 0, 0, 1, -11903.9, -4598.09, 1.96781, 5.17485, 25, 25, 0, 100, 100, 0, 0, 0, 0, 10);
INSERT INTO `creature` (`guid`, `id`, `id2`, `id3`, `id4`, `map`, `position_x`, `position_y`, `position_z`, `orientation`, `spawntimesecsmin`, `spawntimesecsmax`, `wander_distance`, `health_percent`, `mana_percent`, `movement_type`, `spawn_flags`, `visibility_mod`, `patch_min`, `patch_max`) VALUES (2531052, 16356, 0, 0, 0, 1, -11906.4, -4589.58, 0.728351, 5.17485, 25, 25, 0, 100, 100, 0, 0, 0, 0, 10);
INSERT INTO `creature` (`guid`, `id`, `id2`, `id3`, `id4`, `map`, `position_x`, `position_y`, `position_z`, `orientation`, `spawntimesecsmin`, `spawntimesecsmax`, `wander_distance`, `health_percent`, `mana_percent`, `movement_type`, `spawn_flags`, `visibility_mod`, `patch_min`, `patch_max`) VALUES (2531051, 16356, 0, 0, 0, 1, -11908.9, -4579.06, 0.534602, 5.17485, 25, 25, 0, 100, 100, 0, 0, 0, 0, 10);
INSERT INTO `creature` (`guid`, `id`, `id2`, `id3`, `id4`, `map`, `position_x`, `position_y`, `position_z`, `orientation`, `spawntimesecsmin`, `spawntimesecsmax`, `wander_distance`, `health_percent`, `mana_percent`, `movement_type`, `spawn_flags`, `visibility_mod`, `patch_min`, `patch_max`) VALUES (2531050, 16356, 0, 0, 0, 1, -11903.4, -4571.93, 0.550207, 1.62878, 25, 25, 0, 100, 100, 0, 0, 0, 0, 10);
INSERT INTO `creature` (`guid`, `id`, `id2`, `id3`, `id4`, `map`, `position_x`, `position_y`, `position_z`, `orientation`, `spawntimesecsmin`, `spawntimesecsmax`, `wander_distance`, `health_percent`, `mana_percent`, `movement_type`, `spawn_flags`, `visibility_mod`, `patch_min`, `patch_max`) VALUES (2531049, 16356, 0, 0, 0, 1, -11899.9, -4577.89, 0.576678, 1.62878, 25, 25, 0, 100, 100, 0, 0, 0, 0, 10);
INSERT INTO `creature` (`guid`, `id`, `id2`, `id3`, `id4`, `map`, `position_x`, `position_y`, `position_z`, `orientation`, `spawntimesecsmin`, `spawntimesecsmax`, `wander_distance`, `health_percent`, `mana_percent`, `movement_type`, `spawn_flags`, `visibility_mod`, `patch_min`, `patch_max`) VALUES (2531048, 16356, 0, 0, 0, 1, -11899.7, -4588.65, 1.86984, 1.62878, 25, 25, 0, 100, 100, 0, 0, 0, 0, 10);
INSERT INTO `creature` (`guid`, `id`, `id2`, `id3`, `id4`, `map`, `position_x`, `position_y`, `position_z`, `orientation`, `spawntimesecsmin`, `spawntimesecsmax`, `wander_distance`, `health_percent`, `mana_percent`, `movement_type`, `spawn_flags`, `visibility_mod`, `patch_min`, `patch_max`) VALUES (2531047, 16356, 0, 0, 0, 1, -11898.5, -4598.46, 2.89881, 1.62878, 25, 25, 0, 100, 100, 0, 0, 0, 0, 10);
INSERT INTO `creature` (`guid`, `id`, `id2`, `id3`, `id4`, `map`, `position_x`, `position_y`, `position_z`, `orientation`, `spawntimesecsmin`, `spawntimesecsmax`, `wander_distance`, `health_percent`, `mana_percent`, `movement_type`, `spawn_flags`, `visibility_mod`, `patch_min`, `patch_max`) VALUES (2531046, 16356, 0, 0, 0, 1, -11884.9, -4598.79, 4.59863, 4.66434, 25, 25, 0, 100, 100, 0, 0, 0, 0, 10);
INSERT INTO `creature` (`guid`, `id`, `id2`, `id3`, `id4`, `map`, `position_x`, `position_y`, `position_z`, `orientation`, `spawntimesecsmin`, `spawntimesecsmax`, `wander_distance`, `health_percent`, `mana_percent`, `movement_type`, `spawn_flags`, `visibility_mod`, `patch_min`, `patch_max`) VALUES (2531045, 16356, 0, 0, 0, 1, -11883, -4594.49, 4.42378, 4.66434, 25, 25, 0, 100, 100, 0, 0, 0, 0, 10);
INSERT INTO `creature` (`guid`, `id`, `id2`, `id3`, `id4`, `map`, `position_x`, `position_y`, `position_z`, `orientation`, `spawntimesecsmin`, `spawntimesecsmax`, `wander_distance`, `health_percent`, `mana_percent`, `movement_type`, `spawn_flags`, `visibility_mod`, `patch_min`, `patch_max`) VALUES (2531044, 16356, 0, 0, 0, 1, -11883.7, -4585.16, 2.97793, 4.66434, 25, 25, 0, 100, 100, 0, 0, 0, 0, 10);
INSERT INTO `creature` (`guid`, `id`, `id2`, `id3`, `id4`, `map`, `position_x`, `position_y`, `position_z`, `orientation`, `spawntimesecsmin`, `spawntimesecsmax`, `wander_distance`, `health_percent`, `mana_percent`, `movement_type`, `spawn_flags`, `visibility_mod`, `patch_min`, `patch_max`) VALUES (2531043, 16356, 0, 0, 0, 1, -11883.2, -4575.51, 0.670657, 4.66434, 25, 25, 0, 100, 100, 0, 0, 0, 0, 10);
INSERT INTO `creature` (`guid`, `id`, `id2`, `id3`, `id4`, `map`, `position_x`, `position_y`, `position_z`, `orientation`, `spawntimesecsmin`, `spawntimesecsmax`, `wander_distance`, `health_percent`, `mana_percent`, `movement_type`, `spawn_flags`, `visibility_mod`, `patch_min`, `patch_max`) VALUES (2531042, 16356, 0, 0, 0, 1, -11883.3, -4568.94, 0.430589, 4.66434, 25, 25, 0, 100, 100, 0, 0, 0, 0, 10);
INSERT INTO `creature` (`guid`, `id`, `id2`, `id3`, `id4`, `map`, `position_x`, `position_y`, `position_z`, `orientation`, `spawntimesecsmin`, `spawntimesecsmax`, `wander_distance`, `health_percent`, `mana_percent`, `movement_type`, `spawn_flags`, `visibility_mod`, `patch_min`, `patch_max`) VALUES (2531041, 16356, 0, 0, 0, 1, -11890.9, -4565.67, 0.508752, 1.55809, 25, 25, 0, 100, 100, 0, 0, 0, 0, 10);
INSERT INTO `creature` (`guid`, `id`, `id2`, `id3`, `id4`, `map`, `position_x`, `position_y`, `position_z`, `orientation`, `spawntimesecsmin`, `spawntimesecsmax`, `wander_distance`, `health_percent`, `mana_percent`, `movement_type`, `spawn_flags`, `visibility_mod`, `patch_min`, `patch_max`) VALUES (2531040, 16356, 0, 0, 0, 1, -11893.5, -4573.27, 0.593623, 1.55809, 25, 25, 0, 100, 100, 0, 0, 0, 0, 10);
INSERT INTO `creature` (`guid`, `id`, `id2`, `id3`, `id4`, `map`, `position_x`, `position_y`, `position_z`, `orientation`, `spawntimesecsmin`, `spawntimesecsmax`, `wander_distance`, `health_percent`, `mana_percent`, `movement_type`, `spawn_flags`, `visibility_mod`, `patch_min`, `patch_max`) VALUES (2531039, 16356, 0, 0, 0, 1, -11891.6, -4590.7, 3.39266, 1.55809, 25, 25, 0, 100, 100, 0, 0, 0, 0, 10);
INSERT INTO `creature` (`guid`, `id`, `id2`, `id3`, `id4`, `map`, `position_x`, `position_y`, `position_z`, `orientation`, `spawntimesecsmin`, `spawntimesecsmax`, `wander_distance`, `health_percent`, `mana_percent`, `movement_type`, `spawn_flags`, `visibility_mod`, `patch_min`, `patch_max`) VALUES (2531038, 16356, 0, 0, 0, 1, -11891.2, -4598.32, 3.97662, 1.55809, 25, 25, 0, 100, 100, 0, 0, 0, 0, 10);
INSERT INTO `creature` (`guid`, `id`, `id2`, `id3`, `id4`, `map`, `position_x`, `position_y`, `position_z`, `orientation`, `spawntimesecsmin`, `spawntimesecsmax`, `wander_distance`, `health_percent`, `mana_percent`, `movement_type`, `spawn_flags`, `visibility_mod`, `patch_min`, `patch_max`) VALUES (2531037, 16356, 0, 0, 0, 1, -11892.1, -4604.57, 4.14489, 1.55809, 25, 25, 0, 100, 100, 0, 0, 0, 0, 10);
INSERT INTO `creature` (`guid`, `id`, `id2`, `id3`, `id4`, `map`, `position_x`, `position_y`, `position_z`, `orientation`, `spawntimesecsmin`, `spawntimesecsmax`, `wander_distance`, `health_percent`, `mana_percent`, `movement_type`, `spawn_flags`, `visibility_mod`, `patch_min`, `patch_max`) VALUES (2531036, 16356, 0, 0, 0, 1, -11854.9, -4636.42, 6.90218, 3.72579, 25, 25, 0, 100, 100, 0, 0, 0, 0, 10);
INSERT INTO `creature` (`guid`, `id`, `id2`, `id3`, `id4`, `map`, `position_x`, `position_y`, `position_z`, `orientation`, `spawntimesecsmin`, `spawntimesecsmax`, `wander_distance`, `health_percent`, `mana_percent`, `movement_type`, `spawn_flags`, `visibility_mod`, `patch_min`, `patch_max`) VALUES (2531035, 16356, 0, 0, 0, 1, -11842.7, -4629.55, 5.06844, 3.72579, 25, 25, 0, 100, 100, 0, 0, 0, 0, 10);
INSERT INTO `creature` (`guid`, `id`, `id2`, `id3`, `id4`, `map`, `position_x`, `position_y`, `position_z`, `orientation`, `spawntimesecsmin`, `spawntimesecsmax`, `wander_distance`, `health_percent`, `mana_percent`, `movement_type`, `spawn_flags`, `visibility_mod`, `patch_min`, `patch_max`) VALUES (2531034, 16356, 0, 0, 0, 1, -11835.6, -4624.46, 4.44225, 3.72579, 25, 25, 0, 100, 100, 0, 0, 0, 0, 10);
INSERT INTO `creature` (`guid`, `id`, `id2`, `id3`, `id4`, `map`, `position_x`, `position_y`, `position_z`, `orientation`, `spawntimesecsmin`, `spawntimesecsmax`, `wander_distance`, `health_percent`, `mana_percent`, `movement_type`, `spawn_flags`, `visibility_mod`, `patch_min`, `patch_max`) VALUES (2531033, 16356, 0, 0, 0, 1, -11827.1, -4608.5, 0.498016, 2.80687, 25, 25, 0, 100, 100, 0, 0, 0, 0, 10);
INSERT INTO `creature` (`guid`, `id`, `id2`, `id3`, `id4`, `map`, `position_x`, `position_y`, `position_z`, `orientation`, `spawntimesecsmin`, `spawntimesecsmax`, `wander_distance`, `health_percent`, `mana_percent`, `movement_type`, `spawn_flags`, `visibility_mod`, `patch_min`, `patch_max`) VALUES (2531032, 16356, 0, 0, 0, 1, -11830.8, -4617.62, 1.07729, 0.694148, 25, 25, 0, 100, 100, 0, 0, 0, 0, 10);
INSERT INTO `creature` (`guid`, `id`, `id2`, `id3`, `id4`, `map`, `position_x`, `position_y`, `position_z`, `orientation`, `spawntimesecsmin`, `spawntimesecsmax`, `wander_distance`, `health_percent`, `mana_percent`, `movement_type`, `spawn_flags`, `visibility_mod`, `patch_min`, `patch_max`) VALUES (2531031, 16356, 0, 0, 0, 1, -11841, -4619.33, 3.69466, 0.694148, 25, 25, 0, 100, 100, 0, 0, 0, 0, 10);
INSERT INTO `creature` (`guid`, `id`, `id2`, `id3`, `id4`, `map`, `position_x`, `position_y`, `position_z`, `orientation`, `spawntimesecsmin`, `spawntimesecsmax`, `wander_distance`, `health_percent`, `mana_percent`, `movement_type`, `spawn_flags`, `visibility_mod`, `patch_min`, `patch_max`) VALUES (2531030, 16356, 0, 0, 0, 1, -11847.3, -4622.16, 4.29806, 0.694148, 25, 25, 0, 100, 100, 0, 0, 0, 0, 10);
INSERT INTO `creature` (`guid`, `id`, `id2`, `id3`, `id4`, `map`, `position_x`, `position_y`, `position_z`, `orientation`, `spawntimesecsmin`, `spawntimesecsmax`, `wander_distance`, `health_percent`, `mana_percent`, `movement_type`, `spawn_flags`, `visibility_mod`, `patch_min`, `patch_max`) VALUES (2531029, 16356, 0, 0, 0, 1, -11854.6, -4628.07, 5.2966, 0.694148, 25, 25, 0, 100, 100, 0, 0, 0, 0, 10);
INSERT INTO `creature` (`guid`, `id`, `id2`, `id3`, `id4`, `map`, `position_x`, `position_y`, `position_z`, `orientation`, `spawntimesecsmin`, `spawntimesecsmax`, `wander_distance`, `health_percent`, `mana_percent`, `movement_type`, `spawn_flags`, `visibility_mod`, `patch_min`, `patch_max`) VALUES (2531028, 16356, 0, 0, 0, 1, -11860.6, -4630.68, 5.92747, 0.694148, 25, 25, 0, 100, 100, 0, 0, 0, 0, 10);
INSERT INTO `creature` (`guid`, `id`, `id2`, `id3`, `id4`, `map`, `position_x`, `position_y`, `position_z`, `orientation`, `spawntimesecsmin`, `spawntimesecsmax`, `wander_distance`, `health_percent`, `mana_percent`, `movement_type`, `spawn_flags`, `visibility_mod`, `patch_min`, `patch_max`) VALUES (2531027, 16356, 0, 0, 0, 1, -11873.8, -4603.35, 4.80247, 5.37906, 25, 25, 0, 100, 100, 0, 0, 0, 0, 10);
INSERT INTO `creature` (`guid`, `id`, `id2`, `id3`, `id4`, `map`, `position_x`, `position_y`, `position_z`, `orientation`, `spawntimesecsmin`, `spawntimesecsmax`, `wander_distance`, `health_percent`, `mana_percent`, `movement_type`, `spawn_flags`, `visibility_mod`, `patch_min`, `patch_max`) VALUES (2531026, 16356, 0, 0, 0, 1, -11865.8, -4596.5, 2.93402, 3.88681, 25, 25, 0, 100, 100, 0, 0, 0, 0, 10);
INSERT INTO `creature` (`guid`, `id`, `id2`, `id3`, `id4`, `map`, `position_x`, `position_y`, `position_z`, `orientation`, `spawntimesecsmin`, `spawntimesecsmax`, `wander_distance`, `health_percent`, `mana_percent`, `movement_type`, `spawn_flags`, `visibility_mod`, `patch_min`, `patch_max`) VALUES (2531025, 16356, 0, 0, 0, 1, -11859.1, -4589.34, 1.08379, 3.88681, 25, 25, 0, 100, 100, 0, 0, 0, 0, 10);
INSERT INTO `creature` (`guid`, `id`, `id2`, `id3`, `id4`, `map`, `position_x`, `position_y`, `position_z`, `orientation`, `spawntimesecsmin`, `spawntimesecsmax`, `wander_distance`, `health_percent`, `mana_percent`, `movement_type`, `spawn_flags`, `visibility_mod`, `patch_min`, `patch_max`) VALUES (2531024, 16356, 0, 0, 0, 1, -11849.3, -4589.87, 0.624672, 0.827673, 25, 25, 0, 100, 100, 0, 0, 0, 0, 10);
INSERT INTO `creature` (`guid`, `id`, `id2`, `id3`, `id4`, `map`, `position_x`, `position_y`, `position_z`, `orientation`, `spawntimesecsmin`, `spawntimesecsmax`, `wander_distance`, `health_percent`, `mana_percent`, `movement_type`, `spawn_flags`, `visibility_mod`, `patch_min`, `patch_max`) VALUES (2531023, 16356, 0, 0, 0, 1, -11857, -4596.76, 1.67165, 0.827673, 25, 25, 0, 100, 100, 0, 0, 0, 0, 10);
INSERT INTO `creature` (`guid`, `id`, `id2`, `id3`, `id4`, `map`, `position_x`, `position_y`, `position_z`, `orientation`, `spawntimesecsmin`, `spawntimesecsmax`, `wander_distance`, `health_percent`, `mana_percent`, `movement_type`, `spawn_flags`, `visibility_mod`, `patch_min`, `patch_max`) VALUES (2531022, 16356, 0, 0, 0, 1, -11866.1, -4604.78, 3.79886, 0.827673, 25, 25, 0, 100, 100, 0, 0, 0, 0, 10);
INSERT INTO `creature` (`guid`, `id`, `id2`, `id3`, `id4`, `map`, `position_x`, `position_y`, `position_z`, `orientation`, `spawntimesecsmin`, `spawntimesecsmax`, `wander_distance`, `health_percent`, `mana_percent`, `movement_type`, `spawn_flags`, `visibility_mod`, `patch_min`, `patch_max`) VALUES (2531021, 16356, 0, 0, 0, 1, -11870.7, -4611.65, 5.0439, 0.827673, 25, 25, 0, 100, 100, 0, 0, 0, 0, 10);
INSERT INTO `creature` (`guid`, `id`, `id2`, `id3`, `id4`, `map`, `position_x`, `position_y`, `position_z`, `orientation`, `spawntimesecsmin`, `spawntimesecsmax`, `wander_distance`, `health_percent`, `mana_percent`, `movement_type`, `spawn_flags`, `visibility_mod`, `patch_min`, `patch_max`) VALUES (2531020, 16356, 0, 0, 0, 1, -11877.2, -4618.59, 5.56438, 0.827673, 25, 25, 0, 100, 100, 0, 0, 0, 0, 10);
INSERT INTO `creature` (`guid`, `id`, `id2`, `id3`, `id4`, `map`, `position_x`, `position_y`, `position_z`, `orientation`, `spawntimesecsmin`, `spawntimesecsmax`, `wander_distance`, `health_percent`, `mana_percent`, `movement_type`, `spawn_flags`, `visibility_mod`, `patch_min`, `patch_max`) VALUES (2531019, 16356, 0, 0, 0, 1, -11873.4, -4625.97, 5.92476, 3.88287, 25, 25, 0, 100, 100, 0, 0, 0, 0, 10);
INSERT INTO `creature` (`guid`, `id`, `id2`, `id3`, `id4`, `map`, `position_x`, `position_y`, `position_z`, `orientation`, `spawntimesecsmin`, `spawntimesecsmax`, `wander_distance`, `health_percent`, `mana_percent`, `movement_type`, `spawn_flags`, `visibility_mod`, `patch_min`, `patch_max`) VALUES (2531018, 16356, 0, 0, 0, 1, -11869.9, -4619.84, 5.65685, 3.88287, 25, 25, 0, 100, 100, 0, 0, 0, 0, 10);
INSERT INTO `creature` (`guid`, `id`, `id2`, `id3`, `id4`, `map`, `position_x`, `position_y`, `position_z`, `orientation`, `spawntimesecsmin`, `spawntimesecsmax`, `wander_distance`, `health_percent`, `mana_percent`, `movement_type`, `spawn_flags`, `visibility_mod`, `patch_min`, `patch_max`) VALUES (2531017, 16356, 0, 0, 0, 1, -11863.4, -4613.41, 4.13472, 3.88287, 25, 25, 0, 100, 100, 0, 0, 0, 0, 10);
INSERT INTO `creature` (`guid`, `id`, `id2`, `id3`, `id4`, `map`, `position_x`, `position_y`, `position_z`, `orientation`, `spawntimesecsmin`, `spawntimesecsmax`, `wander_distance`, `health_percent`, `mana_percent`, `movement_type`, `spawn_flags`, `visibility_mod`, `patch_min`, `patch_max`) VALUES (2531016, 16356, 0, 0, 0, 1, -11856.9, -4603.5, 2.30185, 3.88287, 25, 25, 0, 100, 100, 0, 0, 0, 0, 10);
INSERT INTO `creature` (`guid`, `id`, `id2`, `id3`, `id4`, `map`, `position_x`, `position_y`, `position_z`, `orientation`, `spawntimesecsmin`, `spawntimesecsmax`, `wander_distance`, `health_percent`, `mana_percent`, `movement_type`, `spawn_flags`, `visibility_mod`, `patch_min`, `patch_max`) VALUES (2531015, 16356, 0, 0, 0, 1, -11850.8, -4601.73, 1.59402, 3.88287, 25, 25, 0, 100, 100, 0, 0, 0, 0, 10);
INSERT INTO `creature` (`guid`, `id`, `id2`, `id3`, `id4`, `map`, `position_x`, `position_y`, `position_z`, `orientation`, `spawntimesecsmin`, `spawntimesecsmax`, `wander_distance`, `health_percent`, `mana_percent`, `movement_type`, `spawn_flags`, `visibility_mod`, `patch_min`, `patch_max`) VALUES (2531014, 16356, 0, 0, 0, 1, -11845.8, -4595.42, 0.802494, 3.88287, 25, 25, 0, 100, 100, 0, 0, 0, 0, 10);
INSERT INTO `creature` (`guid`, `id`, `id2`, `id3`, `id4`, `map`, `position_x`, `position_y`, `position_z`, `orientation`, `spawntimesecsmin`, `spawntimesecsmax`, `wander_distance`, `health_percent`, `mana_percent`, `movement_type`, `spawn_flags`, `visibility_mod`, `patch_min`, `patch_max`) VALUES (2531013, 16356, 0, 0, 0, 1, -11839.6, -4590.25, 0.551452, 3.88287, 25, 25, 0, 100, 100, 0, 0, 0, 0, 10);
INSERT INTO `creature` (`guid`, `id`, `id2`, `id3`, `id4`, `map`, `position_x`, `position_y`, `position_z`, `orientation`, `spawntimesecsmin`, `spawntimesecsmax`, `wander_distance`, `health_percent`, `mana_percent`, `movement_type`, `spawn_flags`, `visibility_mod`, `patch_min`, `patch_max`) VALUES (2531012, 16356, 0, 0, 0, 1, -11831.8, -4591.23, 0.550492, 5.93668, 25, 25, 0, 100, 100, 0, 0, 0, 0, 10);
INSERT INTO `creature` (`guid`, `id`, `id2`, `id3`, `id4`, `map`, `position_x`, `position_y`, `position_z`, `orientation`, `spawntimesecsmin`, `spawntimesecsmax`, `wander_distance`, `health_percent`, `mana_percent`, `movement_type`, `spawn_flags`, `visibility_mod`, `patch_min`, `patch_max`) VALUES (2531011, 16356, 0, 0, 0, 1, -11836.4, -4595.69, 0.571936, 0.890495, 25, 25, 0, 100, 100, 0, 0, 0, 0, 10);
INSERT INTO `creature` (`guid`, `id`, `id2`, `id3`, `id4`, `map`, `position_x`, `position_y`, `position_z`, `orientation`, `spawntimesecsmin`, `spawntimesecsmax`, `wander_distance`, `health_percent`, `mana_percent`, `movement_type`, `spawn_flags`, `visibility_mod`, `patch_min`, `patch_max`) VALUES (2531010, 16356, 0, 0, 0, 1, -11841.2, -4601.67, 1.04114, 0.890495, 25, 25, 0, 100, 100, 0, 0, 0, 0, 10);
INSERT INTO `creature` (`guid`, `id`, `id2`, `id3`, `id4`, `map`, `position_x`, `position_y`, `position_z`, `orientation`, `spawntimesecsmin`, `spawntimesecsmax`, `wander_distance`, `health_percent`, `mana_percent`, `movement_type`, `spawn_flags`, `visibility_mod`, `patch_min`, `patch_max`) VALUES (2531009, 16356, 0, 0, 0, 1, -11847.8, -4608.61, 2.19039, 0.890495, 25, 25, 0, 100, 100, 0, 0, 0, 0, 10);
INSERT INTO `creature` (`guid`, `id`, `id2`, `id3`, `id4`, `map`, `position_x`, `position_y`, `position_z`, `orientation`, `spawntimesecsmin`, `spawntimesecsmax`, `wander_distance`, `health_percent`, `mana_percent`, `movement_type`, `spawn_flags`, `visibility_mod`, `patch_min`, `patch_max`) VALUES (2531008, 16356, 0, 0, 0, 1, -11860.1, -4620.95, 4.67522, 0.890495, 25, 25, 0, 100, 100, 0, 0, 0, 0, 10);
INSERT INTO `creature` (`guid`, `id`, `id2`, `id3`, `id4`, `map`, `position_x`, `position_y`, `position_z`, `orientation`, `spawntimesecsmin`, `spawntimesecsmax`, `wander_distance`, `health_percent`, `mana_percent`, `movement_type`, `spawn_flags`, `visibility_mod`, `patch_min`, `patch_max`) VALUES (2531007, 16356, 0, 0, 0, 1, -11862.5, -4623.94, 5.35358, 0.890495, 25, 25, 0, 100, 100, 0, 0, 0, 0, 10);
INSERT INTO `creature` (`guid`, `id`, `id2`, `id3`, `id4`, `map`, `position_x`, `position_y`, `position_z`, `orientation`, `spawntimesecsmin`, `spawntimesecsmax`, `wander_distance`, `health_percent`, `mana_percent`, `movement_type`, `spawn_flags`, `visibility_mod`, `patch_min`, `patch_max`) VALUES (2531006, 16356, 0, 0, 0, 1, -11867.3, -4629.65, 6.00564, 0.890495, 25, 25, 0, 100, 100, 0, 0, 0, 0, 10);
INSERT INTO `creature` (`guid`, `id`, `id2`, `id3`, `id4`, `map`, `position_x`, `position_y`, `position_z`, `orientation`, `spawntimesecsmin`, `spawntimesecsmax`, `wander_distance`, `health_percent`, `mana_percent`, `movement_type`, `spawn_flags`, `visibility_mod`, `patch_min`, `patch_max`) VALUES (2531005, 16356, 0, 0, 0, 1, -11887.7, -4627.04, 5.76874, 1.93507, 25, 25, 0, 100, 100, 0, 0, 0, 0, 10);
INSERT INTO `creature` (`guid`, `id`, `id2`, `id3`, `id4`, `map`, `position_x`, `position_y`, `position_z`, `orientation`, `spawntimesecsmin`, `spawntimesecsmax`, `wander_distance`, `health_percent`, `mana_percent`, `movement_type`, `spawn_flags`, `visibility_mod`, `patch_min`, `patch_max`) VALUES (2531004, 16356, 0, 0, 0, 1, -11883.9, -4639.15, 6.44844, 1.93507, 25, 25, 0, 100, 100, 0, 0, 0, 0, 10);
INSERT INTO `creature` (`guid`, `id`, `id2`, `id3`, `id4`, `map`, `position_x`, `position_y`, `position_z`, `orientation`, `spawntimesecsmin`, `spawntimesecsmax`, `wander_distance`, `health_percent`, `mana_percent`, `movement_type`, `spawn_flags`, `visibility_mod`, `patch_min`, `patch_max`) VALUES (2531003, 16356, 0, 0, 0, 1, -11923.4, -4640.86, 6.09081, 2.10394, 25, 25, 0, 100, 100, 0, 0, 0, 0, 10);
INSERT INTO `creature` (`guid`, `id`, `id2`, `id3`, `id4`, `map`, `position_x`, `position_y`, `position_z`, `orientation`, `spawntimesecsmin`, `spawntimesecsmax`, `wander_distance`, `health_percent`, `mana_percent`, `movement_type`, `spawn_flags`, `visibility_mod`, `patch_min`, `patch_max`) VALUES (2531002, 16356, 0, 0, 0, 1, -11921.5, -4648.64, 11.902, 2.10394, 25, 25, 0, 100, 100, 0, 0, 0, 0, 10);
INSERT INTO `creature` (`guid`, `id`, `id2`, `id3`, `id4`, `map`, `position_x`, `position_y`, `position_z`, `orientation`, `spawntimesecsmin`, `spawntimesecsmax`, `wander_distance`, `health_percent`, `mana_percent`, `movement_type`, `spawn_flags`, `visibility_mod`, `patch_min`, `patch_max`) VALUES (2531001, 16356, 0, 0, 0, 1, -11918.5, -4657.2, 13.0792, 2.10394, 25, 25, 0, 100, 100, 0, 0, 0, 0, 10);
INSERT INTO `creature` (`guid`, `id`, `id2`, `id3`, `id4`, `map`, `position_x`, `position_y`, `position_z`, `orientation`, `spawntimesecsmin`, `spawntimesecsmax`, `wander_distance`, `health_percent`, `mana_percent`, `movement_type`, `spawn_flags`, `visibility_mod`, `patch_min`, `patch_max`) VALUES (2531000, 16356, 0, 0, 0, 1, -11914.2, -4663.66, 8.70664, 2.10394, 25, 25, 0, 100, 100, 0, 0, 0, 0, 10);
INSERT INTO `creature` (`guid`, `id`, `id2`, `id3`, `id4`, `map`, `position_x`, `position_y`, `position_z`, `orientation`, `spawntimesecsmin`, `spawntimesecsmax`, `wander_distance`, `health_percent`, `mana_percent`, `movement_type`, `spawn_flags`, `visibility_mod`, `patch_min`, `patch_max`) VALUES (2530999, 16356, 0, 0, 0, 1, -11887.2, -4648.29, 6.81994, 5.23767, 25, 25, 0, 100, 100, 0, 0, 0, 0, 10);
INSERT INTO `creature` (`guid`, `id`, `id2`, `id3`, `id4`, `map`, `position_x`, `position_y`, `position_z`, `orientation`, `spawntimesecsmin`, `spawntimesecsmax`, `wander_distance`, `health_percent`, `mana_percent`, `movement_type`, `spawn_flags`, `visibility_mod`, `patch_min`, `patch_max`) VALUES (2530998, 16356, 0, 0, 0, 1, -11889.1, -4642.27, 6.50595, 5.23767, 25, 25, 0, 100, 100, 0, 0, 0, 0, 10);
INSERT INTO `creature` (`guid`, `id`, `id2`, `id3`, `id4`, `map`, `position_x`, `position_y`, `position_z`, `orientation`, `spawntimesecsmin`, `spawntimesecsmax`, `wander_distance`, `health_percent`, `mana_percent`, `movement_type`, `spawn_flags`, `visibility_mod`, `patch_min`, `patch_max`) VALUES (2530997, 16356, 0, 0, 0, 1, -11892.7, -4631.09, 5.70555, 5.23767, 25, 25, 0, 100, 100, 0, 0, 0, 0, 10);
INSERT INTO `creature` (`guid`, `id`, `id2`, `id3`, `id4`, `map`, `position_x`, `position_y`, `position_z`, `orientation`, `spawntimesecsmin`, `spawntimesecsmax`, `wander_distance`, `health_percent`, `mana_percent`, `movement_type`, `spawn_flags`, `visibility_mod`, `patch_min`, `patch_max`) VALUES (2530996, 16356, 0, 0, 0, 1, -11897.1, -4622.26, 4.99147, 5.23767, 25, 25, 0, 100, 100, 0, 0, 0, 0, 10);
INSERT INTO `creature` (`guid`, `id`, `id2`, `id3`, `id4`, `map`, `position_x`, `position_y`, `position_z`, `orientation`, `spawntimesecsmin`, `spawntimesecsmax`, `wander_distance`, `health_percent`, `mana_percent`, `movement_type`, `spawn_flags`, `visibility_mod`, `patch_min`, `patch_max`) VALUES (2530995, 16356, 0, 0, 0, 1, -11900.6, -4617.81, 4.46989, 5.23767, 25, 25, 0, 100, 100, 0, 0, 0, 0, 10);
INSERT INTO `creature` (`guid`, `id`, `id2`, `id3`, `id4`, `map`, `position_x`, `position_y`, `position_z`, `orientation`, `spawntimesecsmin`, `spawntimesecsmax`, `wander_distance`, `health_percent`, `mana_percent`, `movement_type`, `spawn_flags`, `visibility_mod`, `patch_min`, `patch_max`) VALUES (2530994, 16356, 0, 0, 0, 1, -11907, -4620.16, 3.75507, 2.09215, 25, 25, 0, 100, 100, 0, 0, 0, 0, 10);
INSERT INTO `creature` (`guid`, `id`, `id2`, `id3`, `id4`, `map`, `position_x`, `position_y`, `position_z`, `orientation`, `spawntimesecsmin`, `spawntimesecsmax`, `wander_distance`, `health_percent`, `mana_percent`, `movement_type`, `spawn_flags`, `visibility_mod`, `patch_min`, `patch_max`) VALUES (2530993, 16356, 0, 0, 0, 1, -11903, -4626.87, 4.39004, 2.09215, 25, 25, 0, 100, 100, 0, 0, 0, 0, 10);
INSERT INTO `creature` (`guid`, `id`, `id2`, `id3`, `id4`, `map`, `position_x`, `position_y`, `position_z`, `orientation`, `spawntimesecsmin`, `spawntimesecsmax`, `wander_distance`, `health_percent`, `mana_percent`, `movement_type`, `spawn_flags`, `visibility_mod`, `patch_min`, `patch_max`) VALUES (2530992, 16356, 0, 0, 0, 1, -11900, -4634.45, 5.14592, 2.09215, 25, 25, 0, 100, 100, 0, 0, 0, 0, 10);
INSERT INTO `creature` (`guid`, `id`, `id2`, `id3`, `id4`, `map`, `position_x`, `position_y`, `position_z`, `orientation`, `spawntimesecsmin`, `spawntimesecsmax`, `wander_distance`, `health_percent`, `mana_percent`, `movement_type`, `spawn_flags`, `visibility_mod`, `patch_min`, `patch_max`) VALUES (2530991, 16356, 0, 0, 0, 1, -11895, -4641.34, 6.17511, 2.09215, 25, 25, 0, 100, 100, 0, 0, 0, 0, 10);
INSERT INTO `creature` (`guid`, `id`, `id2`, `id3`, `id4`, `map`, `position_x`, `position_y`, `position_z`, `orientation`, `spawntimesecsmin`, `spawntimesecsmax`, `wander_distance`, `health_percent`, `mana_percent`, `movement_type`, `spawn_flags`, `visibility_mod`, `patch_min`, `patch_max`) VALUES (2530990, 16356, 0, 0, 0, 1, -11894.7, -4649.02, 6.7319, 2.09215, 25, 25, 0, 100, 100, 0, 0, 0, 0, 10);
INSERT INTO `creature` (`guid`, `id`, `id2`, `id3`, `id4`, `map`, `position_x`, `position_y`, `position_z`, `orientation`, `spawntimesecsmin`, `spawntimesecsmax`, `wander_distance`, `health_percent`, `mana_percent`, `movement_type`, `spawn_flags`, `visibility_mod`, `patch_min`, `patch_max`) VALUES (2530989, 16356, 0, 0, 0, 1, -11893, -4656.59, 7.0717, 2.09215, 25, 25, 0, 100, 100, 0, 0, 0, 0, 10);
INSERT INTO `creature` (`guid`, `id`, `id2`, `id3`, `id4`, `map`, `position_x`, `position_y`, `position_z`, `orientation`, `spawntimesecsmin`, `spawntimesecsmax`, `wander_distance`, `health_percent`, `mana_percent`, `movement_type`, `spawn_flags`, `visibility_mod`, `patch_min`, `patch_max`) VALUES (2530988, 16356, 0, 0, 0, 1, -11899.7, -4659.74, 6.98199, 2.09608, 25, 25, 0, 100, 100, 0, 0, 0, 0, 10);
INSERT INTO `creature` (`guid`, `id`, `id2`, `id3`, `id4`, `map`, `position_x`, `position_y`, `position_z`, `orientation`, `spawntimesecsmin`, `spawntimesecsmax`, `wander_distance`, `health_percent`, `mana_percent`, `movement_type`, `spawn_flags`, `visibility_mod`, `patch_min`, `patch_max`) VALUES (2530987, 16356, 0, 0, 0, 1, -11904.9, -4664.46, 7.40176, 5.12772, 25, 25, 0, 100, 100, 0, 0, 0, 0, 10);
INSERT INTO `creature` (`guid`, `id`, `id2`, `id3`, `id4`, `map`, `position_x`, `position_y`, `position_z`, `orientation`, `spawntimesecsmin`, `spawntimesecsmax`, `wander_distance`, `health_percent`, `mana_percent`, `movement_type`, `spawn_flags`, `visibility_mod`, `patch_min`, `patch_max`) VALUES (2530986, 16356, 0, 0, 0, 1, -11908.5, -4657.42, 7.25477, 5.12772, 25, 25, 0, 100, 100, 0, 0, 0, 0, 10);
INSERT INTO `creature` (`guid`, `id`, `id2`, `id3`, `id4`, `map`, `position_x`, `position_y`, `position_z`, `orientation`, `spawntimesecsmin`, `spawntimesecsmax`, `wander_distance`, `health_percent`, `mana_percent`, `movement_type`, `spawn_flags`, `visibility_mod`, `patch_min`, `patch_max`) VALUES (2530985, 16356, 0, 0, 0, 1, -11912.5, -4649.75, 7.47847, 5.12772, 25, 25, 0, 100, 100, 0, 0, 0, 0, 10);
INSERT INTO `creature` (`guid`, `id`, `id2`, `id3`, `id4`, `map`, `position_x`, `position_y`, `position_z`, `orientation`, `spawntimesecsmin`, `spawntimesecsmax`, `wander_distance`, `health_percent`, `mana_percent`, `movement_type`, `spawn_flags`, `visibility_mod`, `patch_min`, `patch_max`) VALUES (2530984, 16356, 0, 0, 0, 1, -11917.3, -4640.58, 6.74618, 5.12772, 25, 25, 0, 100, 100, 0, 0, 0, 0, 10);
INSERT INTO `creature` (`guid`, `id`, `id2`, `id3`, `id4`, `map`, `position_x`, `position_y`, `position_z`, `orientation`, `spawntimesecsmin`, `spawntimesecsmax`, `wander_distance`, `health_percent`, `mana_percent`, `movement_type`, `spawn_flags`, `visibility_mod`, `patch_min`, `patch_max`) VALUES (2530983, 16356, 0, 0, 0, 1, -11919.9, -4632.64, 4.21523, 5.12772, 25, 25, 0, 100, 100, 0, 0, 0, 0, 10);
INSERT INTO `creature` (`guid`, `id`, `id2`, `id3`, `id4`, `map`, `position_x`, `position_y`, `position_z`, `orientation`, `spawntimesecsmin`, `spawntimesecsmax`, `wander_distance`, `health_percent`, `mana_percent`, `movement_type`, `spawn_flags`, `visibility_mod`, `patch_min`, `patch_max`) VALUES (2530982, 16356, 0, 0, 0, 1, -11922.1, -4626.46, 2.72279, 5.17091, 25, 25, 0, 100, 100, 0, 0, 0, 0, 10);
INSERT INTO `creature` (`guid`, `id`, `id2`, `id3`, `id4`, `map`, `position_x`, `position_y`, `position_z`, `orientation`, `spawntimesecsmin`, `spawntimesecsmax`, `wander_distance`, `health_percent`, `mana_percent`, `movement_type`, `spawn_flags`, `visibility_mod`, `patch_min`, `patch_max`) VALUES (2530981, 16356, 0, 0, 0, 1, -11916.7, -4619.04, 2.20034, 2.00575, 25, 25, 0, 100, 100, 0, 0, 0, 0, 10);
INSERT INTO `creature` (`guid`, `id`, `id2`, `id3`, `id4`, `map`, `position_x`, `position_y`, `position_z`, `orientation`, `spawntimesecsmin`, `spawntimesecsmax`, `wander_distance`, `health_percent`, `mana_percent`, `movement_type`, `spawn_flags`, `visibility_mod`, `patch_min`, `patch_max`) VALUES (2530980, 16356, 0, 0, 0, 1, -11913.7, -4625.47, 2.92833, 2.00575, 25, 25, 0, 100, 100, 0, 0, 0, 0, 10);
INSERT INTO `creature` (`guid`, `id`, `id2`, `id3`, `id4`, `map`, `position_x`, `position_y`, `position_z`, `orientation`, `spawntimesecsmin`, `spawntimesecsmax`, `wander_distance`, `health_percent`, `mana_percent`, `movement_type`, `spawn_flags`, `visibility_mod`, `patch_min`, `patch_max`) VALUES (2530979, 16356, 0, 0, 0, 1, -11910.5, -4632.45, 4.05989, 2.00575, 25, 25, 0, 100, 100, 0, 0, 0, 0, 10);
INSERT INTO `creature` (`guid`, `id`, `id2`, `id3`, `id4`, `map`, `position_x`, `position_y`, `position_z`, `orientation`, `spawntimesecsmin`, `spawntimesecsmax`, `wander_distance`, `health_percent`, `mana_percent`, `movement_type`, `spawn_flags`, `visibility_mod`, `patch_min`, `patch_max`) VALUES (2530978, 16356, 0, 0, 0, 1, -11900.7, -4652.93, 6.74499, 1.93113, 25, 25, 0, 100, 100, 0, 0, 0, 0, 10);

INSERT INTO `creature` (`guid`, `id`, `id2`, `id3`, `id4`, `map`, `position_x`, `position_y`, `position_z`, `orientation`, `spawntimesecsmin`, `spawntimesecsmax`, `wander_distance`, `health_percent`, `mana_percent`, `movement_type`, `spawn_flags`, `visibility_mod`, `patch_min`, `patch_max`) VALUES (2530977, 16136, 0, 0, 0, 1, -11892.7, -4581.28, 1.53346, 5.75603, 25, 25, 0, 100, 100, 0, 0, 0, 0, 10);
INSERT INTO `creature` (`guid`, `id`, `id2`, `id3`, `id4`, `map`, `position_x`, `position_y`, `position_z`, `orientation`, `spawntimesecsmin`, `spawntimesecsmax`, `wander_distance`, `health_percent`, `mana_percent`, `movement_type`, `spawn_flags`, `visibility_mod`, `patch_min`, `patch_max`) VALUES (2530976, 16386, 0, 0, 0, 1, -11883.1, -4589.84, 18.386, 2.87755, 25, 25, 0, 100, 100, 0, 0, 0, 0, 10);
INSERT INTO `creature` (`guid`, `id`, `id2`, `id3`, `id4`, `map`, `position_x`, `position_y`, `position_z`, `orientation`, `spawntimesecsmin`, `spawntimesecsmax`, `wander_distance`, `health_percent`, `mana_percent`, `movement_type`, `spawn_flags`, `visibility_mod`, `patch_min`, `patch_max`) VALUES (2530975, 16386, 0, 0, 0, 1, -11899.4, -4633.33, 21.2407, 4.29911, 25, 25, 0, 100, 100, 0, 0, 0, 0, 10);
INSERT INTO `creature` (`guid`, `id`, `id2`, `id3`, `id4`, `map`, `position_x`, `position_y`, `position_z`, `orientation`, `spawntimesecsmin`, `spawntimesecsmax`, `wander_distance`, `health_percent`, `mana_percent`, `movement_type`, `spawn_flags`, `visibility_mod`, `patch_min`, `patch_max`) VALUES (2530974, 16386, 0, 0, 0, 1, -11862.5, -4607.32, 19.1954, 5.87382, 25, 25, 0, 100, 100, 0, 0, 0, 0, 10);
INSERT INTO `creature` (`guid`, `id`, `id2`, `id3`, `id4`, `map`, `position_x`, `position_y`, `position_z`, `orientation`, `spawntimesecsmin`, `spawntimesecsmax`, `wander_distance`, `health_percent`, `mana_percent`, `movement_type`, `spawn_flags`, `visibility_mod`, `patch_min`, `patch_max`) VALUES (2530973, 16398, 0, 0, 0, 1, -11874.8, -4602.1, 37.476, 5.92487, 25, 25, 0, 100, 100, 0, 0, 0, 0, 10);
INSERT INTO `creature` (`guid`, `id`, `id2`, `id3`, `id4`, `map`, `position_x`, `position_y`, `position_z`, `orientation`, `spawntimesecsmin`, `spawntimesecsmax`, `wander_distance`, `health_percent`, `mana_percent`, `movement_type`, `spawn_flags`, `visibility_mod`, `patch_min`, `patch_max`) VALUES (2530972, 16398, 0, 0, 0, 1, -11892.9, -4622.8, 35.9688, 4.2991, 25, 25, 0, 100, 100, 0, 0, 0, 0, 10);
INSERT INTO `creature` (`guid`, `id`, `id2`, `id3`, `id4`, `map`, `position_x`, `position_y`, `position_z`, `orientation`, `spawntimesecsmin`, `spawntimesecsmax`, `wander_distance`, `health_percent`, `mana_percent`, `movement_type`, `spawn_flags`, `visibility_mod`, `patch_min`, `patch_max`) VALUES (2530971, 16398, 0, 0, 0, 1, -11889.5, -4585.54, 39.0237, 4.94706, 25, 25, 0, 100, 100, 0, 0, 0, 0, 10);
INSERT INTO `creature` (`guid`, `id`, `id2`, `id3`, `id4`, `map`, `position_x`, `position_y`, `position_z`, `orientation`, `spawntimesecsmin`, `spawntimesecsmax`, `wander_distance`, `health_percent`, `mana_percent`, `movement_type`, `spawn_flags`, `visibility_mod`, `patch_min`, `patch_max`) VALUES (2530970, 16401, 0, 0, 0, 1, -11888.2, -4595.28, 57.8702, 4.83318, 25, 25, 0, 100, 100, 0, 0, 0, 0, 10);

INSERT INTO `creature_addon` VALUES (2530703, 0, 0, -1, -1, 8, 1, 0, NULL);
INSERT INTO `creature_addon` VALUES (2530808, 0, 0, -1, -1, 1, 1, 0, NULL);
INSERT INTO `creature_addon` VALUES (2530934, 0, 0, -1, -1, 0, 1, 10, NULL);

INSERT INTO `gameobject_template` VALUES (9000045, 0, 1, 5773, 'Horde Banner', 0, 0, 1, 0, 0, 0, 0, 0, 0, 0, 0, 0, 0, 0, 0, 0, 0, 0, 0, 0, 0, 0, 0, 0, 0, 0, 0, 0, 0, '');
INSERT INTO `gameobject_template` VALUES (6000015, 0, 6, 298, 'Level-O-Mat aura', 0, 0, 2, 0, 0, 0, 0, 0, 0, 0, 0, 0, 0, 0, 0, 0, 0, 0, 0, 0, 0, 0, 0, 0, 0, 0, 0, 0, 0, '');
INSERT INTO `gameobject_template` VALUES (1900007, 0, 0, 3611, 'donner', 114, 36, 1, 0, 0, 0, 0, 0, 0, 0, 0, 0, 0, 0, 0, 0, 0, 0, 0, 0, 0, 0, 0, 0, 0, 0, 0, 0, 0, '');
INSERT INTO `gameobject_template` VALUES (900099, 0, 0, 6688, 'Prison Arena Horde Door Web', 114, 36, 1, 0, 0, 0, 0, 0, 0, 0, 0, 0, 0, 0, 0, 0, 0, 0, 0, 0, 0, 0, 0, 0, 0, 0, 0, 0, 0, '');
INSERT INTO `gameobject_template` VALUES (900098, 0, 0, 411, 'Prison Arena Alliance Door', 114, 36, 0, 0, 0, 0, 0, 0, 0, 0, 0, 0, 0, 0, 0, 0, 0, 0, 0, 0, 0, 0, 0, 0, 0, 0, 0, 0, 0, '');
INSERT INTO `gameobject_template` VALUES (900067, 0, 5, 6871, 'Super Buffer Supreme XXL', 0, 0, 1, 1, 1, 0, 0, 0, 0, 0, 0, 0, 0, 0, 0, 0, 0, 0, 0, 0, 0, 0, 0, 0, 0, 0, 0, 0, 0, '');
INSERT INTO `gameobject_template` VALUES (900066, 0, 7, 6690, 'Throne of Sync', 0, 0, 0.5, 1, 1, 0, 0, 0, 0, 0, 0, 0, 0, 0, 0, 0, 0, 0, 0, 0, 0, 0, 0, 0, 0, 0, 0, 0, 0, 'go_server_owners_throne');
INSERT INTO `gameobject_template` VALUES (900065, 0, 7, 6690, 'Server Owner\'s Throne', 0, 0, 0.5, 1, 1, 0, 0, 0, 0, 0, 0, 0, 0, 0, 0, 0, 0, 0, 0, 0, 0, 0, 0, 0, 0, 0, 0, 0, 0, 'go_server_owners_throne');
INSERT INTO `gameobject_template` VALUES (900045, 0, 1, 5771, 'Alliance Banner', 0, 0, 1, 0, 0, 0, 0, 0, 0, 0, 0, 1, 0, 0, 0, 0, 0, 0, 0, 0, 0, 0, 0, 0, 0, 0, 0, 0, 0, '');
INSERT INTO `gameobject_template` VALUES (600111, 0, 2, 4891, 'Arena Spectator Orb', 0, 0, 1, 0, 0, 0, 0, 0, 0, 0, 0, 0, 0, 0, 0, 0, 0, 0, 0, 0, 0, 0, 0, 0, 0, 0, 0, 0, 0, 'custom_ArenaSpectator');
INSERT INTO `gameobject_template` VALUES (600044, 0, 0, 6834, 'Duel_Arena_Bolt', 114, 4, 4, 0, 0, 0, 0, 0, 0, 0, 0, 0, 0, 0, 0, 0, 0, 0, 0, 0, 0, 0, 0, 0, 0, 0, 0, 0, 0, '');
INSERT INTO `gameobject_template` VALUES (600043, 0, 0, 6834, 'Duel_Arena_Wall', 114, 36, 1, 0, 0, 0, 0, 0, 0, 0, 0, 0, 0, 0, 0, 0, 0, 0, 0, 0, 0, 0, 0, 0, 0, 0, 0, 0, 0, '');
INSERT INTO `gameobject_template` VALUES (600016, 0, 2, 2091, 'Finkle\'s Property Manipulator', 35, 0, 1, 0, 0, 0, 0, 0, 0, 0, 0, 0, 0, 0, 0, 0, 0, 0, 0, 0, 0, 0, 0, 0, 0, 0, 0, 0, 0, 'npc_property');
INSERT INTO `gameobject_template` VALUES (600015, 0, 2, 2091, 'Finkle\'s Level-O-Matic', 35, 0, 1.2, 0, 0, 0, 0, 0, 0, 0, 0, 0, 0, 0, 0, 0, 0, 0, 0, 0, 0, 0, 0, 0, 0, 0, 0, 0, 0, 'gobj_level_o_mat');
INSERT INTO `gameobject_template` VALUES (600012, 0, 5, 266, 'Yellow Stash aura', 0, 0, 3, 0, 0, 0, 0, 0, 0, 0, 0, 0, 0, 0, 0, 0, 0, 0, 0, 0, 0, 0, 0, 0, 0, 0, 0, 0, 0, '');
INSERT INTO `gameobject_template` VALUES (600011, 0, 2, 259, 'Your Stash', 0, 0, 1.5, 0, 0, 0, 0, 0, 0, 0, 0, 0, 0, 0, 0, 0, 0, 0, 0, 0, 0, 0, 0, 0, 0, 0, 0, 0, 0, 'player_stash');
INSERT INTO `gameobject_template` VALUES (600010, 0, 2, 356, 'Finkle\'s Enchant-O-Matic', 35, 0, 1.3, 0, 0, 0, 0, 0, 0, 0, 0, 0, 0, 0, 0, 0, 0, 0, 0, 0, 0, 0, 0, 0, 0, 0, 0, 0, 0, 'npc_enchanter');
INSERT INTO `gameobject_template` VALUES (600002, 0, 10, 6789, 'Naxxramas Portal RED', 0, 48, 0.3, 0, 0, 0, 0, 0, 0, 0, 0, 0, 0, 28444, 0, 0, 0, 0, 0, 0, 0, 0, 0, 0, 0, 0, 0, 0, 0, '');
INSERT INTO `gameobject_template` VALUES (600001, 0, 10, 6788, 'Naxxramas Portal MAGENTA', 0, 48, 0.3, 0, 0, 0, 0, 0, 0, 0, 0, 0, 0, 28444, 0, 0, 0, 0, 0, 0, 0, 0, 0, 0, 0, 0, 0, 0, 0, '');
INSERT INTO `gameobject_template` VALUES (500069, 0, 0, 2854, 'Duel_Arena_Collision', 114, 36, 4, 0, 0, 0, 0, 0, 0, 0, 0, 0, 0, 0, 0, 0, 0, 0, 0, 0, 0, 0, 0, 0, 0, 0, 0, 0, 0, '');
INSERT INTO `gameobject_template` VALUES (500067, 0, 5, 6452, 'Duel_Arena_Fog', 0, 4, 1.5, 0, 0, 0, 0, 0, 0, 0, 0, 0, 0, 0, 0, 0, 0, 0, 0, 0, 0, 0, 0, 0, 0, 0, 0, 0, 0, '');
INSERT INTO `gameobject_template` VALUES (500066, 0, 0, 2570, 'Duel_Arena_Brazier', 0, 4, 1.5, 0, 0, 0, 0, 0, 0, 0, 0, 0, 0, 0, 0, 0, 0, 0, 0, 0, 0, 0, 0, 0, 0, 0, 0, 0, 0, '');
INSERT INTO `gameobject_template` VALUES (500065, 0, 0, 1627, 'Duel_Arena_Block', 114, 36, 2, 0, 0, 0, 0, 0, 0, 0, 0, 0, 0, 0, 0, 0, 0, 0, 0, 0, 0, 0, 0, 0, 0, 0, 0, 0, 0, '');
INSERT INTO `gameobject_template` VALUES (500004, 0, 0, 5692, 'Duel_Arena_ForceField', 0, 4, 0.5, 0, 0, 0, 0, 0, 0, 0, 0, 0, 0, 0, 0, 0, 0, 0, 0, 0, 0, 0, 0, 0, 0, 0, 0, 0, 0, '');
REPLACE INTO `gameobject_template` VALUES (70005, 0, 2, 2373, 'The Poisoneer', 35, 0, 0.8, 0, 0, 0, 0, 0, 0, 0, 0, 0, 0, 0, 0, 0, 0, 0, 0, 0, 0, 0, 0, 0, 0, 0, 0, 0, 0, 'npc_poisoneer');

REPLACE INTO `gameobject_template` VALUES (183317, 0, 22, 4393, 'Portal to Darnassus', 115, 0, 1, 17608, 0, 0, 0, 0, 0, 0, 0, 0, 0, 0, 0, 0, 0, 0, 0, 0, 0, 0, 0, 0, 0, 0, 0, 0, 0, '');
REPLACE INTO `gameobject_template` VALUES (183322, 0, 22, 4394, 'Portal to Ironforge', 1, 0, 1, 17607, 0, 0, 0, 0, 0, 0, 0, 0, 0, 0, 0, 0, 0, 0, 0, 0, 0, 0, 0, 0, 0, 0, 0, 0, 0, '');
REPLACE INTO `gameobject_template` VALUES (183323, 0, 22, 4395, 'Portal to Orgrimmar', 5, 0, 1, 17609, 0, 0, 0, 0, 0, 0, 0, 0, 0, 0, 0, 0, 0, 0, 0, 0, 0, 0, 0, 0, 0, 0, 0, 0, 0, '');
REPLACE INTO `gameobject_template` VALUES (183325, 0, 22, 4396, 'Portal to Stormwind', 115, 0, 1, 17334, 0, 0, 0, 0, 0, 0, 0, 0, 0, 0, 0, 0, 0, 0, 0, 0, 0, 0, 0, 0, 0, 0, 0, 0, 0, '');
REPLACE INTO `gameobject_template` VALUES (183326, 0, 22, 4397, 'Portal to Thunder Bluff', 5, 0, 1, 17610, 0, 0, 0, 0, 0, 0, 0, 0, 0, 0, 0, 0, 0, 0, 0, 0, 0, 0, 0, 0, 0, 0, 0, 0, 0, '');
REPLACE INTO `gameobject_template` VALUES (183327, 0, 22, 4398, 'Portal to Undercity', 116, 0, 1, 17611, 0, 0, 0, 0, 0, 0, 0, 0, 0, 0, 0, 0, 0, 0, 0, 0, 0, 0, 0, 0, 0, 0, 0, 0, 0, '');

INSERT INTO `gameobject` (`guid`, `id`, `map`, `position_x`, `position_y`, `position_z`, `orientation`, `rotation0`, `rotation1`, `rotation2`, `rotation3`, `spawntimesecsmin`, `spawntimesecsmax`, `animprogress`, `state`, `spawn_flags`, `visibility_mod`, `patch_min`, `patch_max`) VALUES (3999022, 181154, 1, -11888.2, -4595.28, 57.8702, 4.83318, 0, 0, 0.663138, -0.748497, 25, 25, 100, 1, 1, 200, 0, 10);
REPLACE INTO `gameobject` VALUES (4001244, 600043, 0, 1953, 2548, 131.009, 4.03362, -0.00834002, 0, 0.832459, 0.237317, 25, 25, 100, 1, 0, 0, 0, 10);
REPLACE INTO `gameobject` VALUES (4001245, 600043, 0, 1952.99, 2548.9, 131.784, 1.08987, -0.0472087, 0, 0.81171, 0.250175, 25, 25, 100, 1, 0, 0, 0, 10);
REPLACE INTO `gameobject` VALUES (4001468, 600043, 0, 1871.13, 2509.47, 130.652, -1.82645, 0.00113208, 0, 0.826322, 0.278212, 25, 25, 100, 1, 0, 0, 0, 10);
REPLACE INTO `gameobject` VALUES (4001469, 600043, 0, 1871.83, 2508.91, 130.242, 0.0998748, 0.0428811, 0, 0.886909, 0.255901, 25, 25, 100, 1, 0, 0, 0, 10);
REPLACE INTO `gameobject` VALUES (4001246, 600043, 0, 1952.97, 2549.79, 130.315, 0.384268, 0.0437749, 0, 0.884268, 0.240015, 25, 25, 100, 1, 0, 0, 0, 10);
REPLACE INTO `gameobject` VALUES (4001247, 600043, 0, 1952.93, 2550.69, 130.945, -1.04368, -0.0102944, 0, 0.84962, 0.228983, 25, 25, 100, 1, 0, 0, 0, 10);
REPLACE INTO `gameobject` VALUES (4001470, 600043, 0, 1872.53, 2508.35, 130.376, 0.141503, 0.0245675, 0, 0.8943, 0.247798, 25, 25, 100, 1, 0, 0, 0, 10);
REPLACE INTO `gameobject` VALUES (4001248, 600043, 0, 1952.87, 2551.59, 131.921, 8.19976, 0.0284879, 0, 0.812446, 0.226765, 25, 25, 100, 1, 0, 0, 0, 10);
REPLACE INTO `gameobject` VALUES (4001249, 600043, 0, 1952.8, 2552.48, 131.93, -2.74383, -0.0287831, 0, 0.89968, 0.234749, 25, 25, 100, 1, 0, 0, 0, 10);
REPLACE INTO `gameobject` VALUES (4001471, 600043, 0, 1873.25, 2507.81, 131.122, 1.4469, -0.0329836, 0, 0.873909, 0.218498, 25, 25, 100, 1, 0, 0, 0, 10);
REPLACE INTO `gameobject` VALUES (4001250, 600043, 0, 1952.71, 2553.38, 131.494, 5.31429, -0.0276917, 0, 0.803684, 0.251497, 25, 25, 100, 1, 0, 0, 0, 10);
REPLACE INTO `gameobject` VALUES (4001251, 600043, 0, 1952.61, 2554.27, 130.929, 6.32071, -0.000935586, 0, 0.812304, 0.214328, 25, 25, 100, 1, 0, 0, 0, 10);
REPLACE INTO `gameobject` VALUES (4001252, 600043, 0, 1952.49, 2555.16, 130.695, 0.678461, -0.000913647, 0, 0.85347, 0.220092, 25, 25, 100, 1, 0, 0, 0, 10);
REPLACE INTO `gameobject` VALUES (4001253, 600043, 0, 1952.35, 2556.04, 130.801, 1.79673, 0.0297142, 0, 0.878653, 0.254121, 25, 25, 100, 1, 0, 0, 0, 10);
REPLACE INTO `gameobject` VALUES (4001254, 600043, 0, 1952.2, 2556.93, 130.693, -1.69617, 0.000389827, 0, 0.819353, 0.245598, 25, 25, 100, 1, 0, 0, 0, 10);
REPLACE INTO `gameobject` VALUES (4001255, 600043, 0, 1952.03, 2557.81, 131.399, -1.45835, 0.00445144, 0, 0.833716, 0.205225, 25, 25, 100, 1, 0, 0, 0, 10);
REPLACE INTO `gameobject` VALUES (4001256, 600043, 0, 1951.84, 2558.69, 130.5, -1.89416, 0.0211422, 0, 0.828065, 0.226898, 25, 25, 100, 1, 0, 0, 0, 10);
REPLACE INTO `gameobject` VALUES (4001472, 600043, 0, 1873.97, 2507.29, 131.415, 8.79783, 0.0292907, 0, 0.801508, 0.269666, 25, 25, 100, 1, 0, 0, 0, 10);
REPLACE INTO `gameobject` VALUES (4001257, 600043, 0, 1951.64, 2559.56, 131.006, 5.49471, -0.0469444, 0, 0.80291, 0.205384, 25, 25, 100, 1, 0, 0, 0, 10);
REPLACE INTO `gameobject` VALUES (4001473, 600043, 0, 1874.71, 2506.77, 130.876, -1.7953, -0.0312264, 0, 0.86375, 0.26243, 25, 25, 100, 1, 0, 0, 0, 10);
REPLACE INTO `gameobject` VALUES (4001474, 600043, 0, 1875.46, 2506.27, 130.418, -0.934597, -0.0266429, 0, 0.86515, 0.255681, 25, 25, 100, 1, 0, 0, 0, 10);
REPLACE INTO `gameobject` VALUES (4001475, 600043, 0, 1876.21, 2505.78, 131.659, 2.72611, 0.0397322, 0, 0.805508, 0.258346, 25, 25, 100, 1, 0, 0, 0, 10);
REPLACE INTO `gameobject` VALUES (4001258, 600043, 0, 1951.43, 2560.43, 130.364, 5.97522, -0.0305997, 0, 0.872621, 0.204905, 25, 25, 100, 1, 0, 0, 0, 10);
REPLACE INTO `gameobject` VALUES (4001476, 600043, 0, 1876.97, 2505.31, 131.504, -2.88286, 0.0292732, 0, 0.893437, 0.229368, 25, 25, 100, 1, 0, 0, 0, 10);
REPLACE INTO `gameobject` VALUES (4001259, 600043, 0, 1951.2, 2561.3, 130.133, -0.768254, 0.0230011, 0, 0.809212, 0.227056, 25, 25, 100, 1, 0, 0, 0, 10);
REPLACE INTO `gameobject` VALUES (4001260, 600043, 0, 1950.95, 2562.16, 130.153, 3.84666, 0.0123432, 0, 0.84055, 0.215718, 25, 25, 100, 1, 0, 0, 0, 10);
REPLACE INTO `gameobject` VALUES (4001261, 600043, 0, 1950.69, 2563.02, 131.139, 1.50649, -0.0330544, 0, 0.872066, 0.209492, 25, 25, 100, 1, 0, 0, 0, 10);
REPLACE INTO `gameobject` VALUES (4001262, 600043, 0, 1950.41, 2563.88, 130.625, 0.340612, -0.0045966, 0, 0.843502, 0.281298, 25, 25, 100, 1, 0, 0, 0, 10);
REPLACE INTO `gameobject` VALUES (4001263, 600043, 0, 1950.12, 2564.73, 131.52, 1.32423, 0.00221817, 0, 0.852985, 0.208271, 25, 25, 100, 1, 0, 0, 0, 10);
REPLACE INTO `gameobject` VALUES (4001477, 600043, 0, 1877.74, 2504.85, 131.331, 2.34327, -0.0269419, 0, 0.881709, 0.239369, 25, 25, 100, 1, 0, 0, 0, 10);
REPLACE INTO `gameobject` VALUES (4001264, 600043, 0, 1949.81, 2565.57, 131.648, 7.46329, 0.0387652, 0, 0.882244, 0.244923, 25, 25, 100, 1, 0, 0, 0, 10);
REPLACE INTO `gameobject` VALUES (4001478, 600043, 0, 1878.52, 2504.4, 131.034, 1.85796, -0.00273839, 0, 0.814859, 0.23251, 25, 25, 100, 1, 0, 0, 0, 10);
REPLACE INTO `gameobject` VALUES (4001265, 600043, 0, 1949.49, 2566.41, 131.558, 3.55913, -0.0103609, 0, 0.834217, 0.252169, 25, 25, 100, 1, 0, 0, 0, 10);
REPLACE INTO `gameobject` VALUES (4001266, 600043, 0, 1949.15, 2567.24, 131.164, 1.13506, 0.0477147, 0, 0.885197, 0.232842, 25, 25, 100, 1, 0, 0, 0, 10);
REPLACE INTO `gameobject` VALUES (4001479, 600043, 0, 1879.31, 2503.97, 130.359, 8.08047, -0.0422343, 0, 0.861817, 0.285786, 25, 25, 100, 1, 0, 0, 0, 10);
REPLACE INTO `gameobject` VALUES (4001267, 600043, 0, 1948.8, 2568.06, 130.172, 2.34696, 0.0469403, 0, 0.851028, 0.264317, 25, 25, 100, 1, 0, 0, 0, 10);
REPLACE INTO `gameobject` VALUES (4001268, 600043, 0, 1948.43, 2568.88, 131.37, 2.94674, -0.007723, 0, 0.862716, 0.286751, 25, 25, 100, 1, 0, 0, 0, 10);
REPLACE INTO `gameobject` VALUES (4001269, 600043, 0, 1948.05, 2569.69, 130.912, 5.13352, -0.0479232, 0, 0.807046, 0.229, 25, 25, 100, 1, 0, 0, 0, 10);
REPLACE INTO `gameobject` VALUES (4001480, 600043, 0, 1880.1, 2503.55, 130.87, 4.20476, 0.01976, 0, 0.868681, 0.234126, 25, 25, 100, 1, 0, 0, 0, 10);
REPLACE INTO `gameobject` VALUES (4001270, 600043, 0, 1947.65, 2570.5, 130.477, 0.87755, 0.0399764, 0, 0.852943, 0.294788, 25, 25, 100, 1, 0, 0, 0, 10);
REPLACE INTO `gameobject` VALUES (4001481, 600043, 0, 1880.9, 2503.15, 131.292, -0.533642, -0.0409936, 0, 0.883373, 0.289846, 25, 25, 100, 1, 0, 0, 0, 10);
REPLACE INTO `gameobject` VALUES (4001271, 600043, 0, 1947.24, 2571.3, 130.302, 7.94121, -0.0394401, 0, 0.879269, 0.264667, 25, 25, 100, 1, 0, 0, 0, 10);
REPLACE INTO `gameobject` VALUES (4001272, 600043, 0, 1946.82, 2572.09, 131.711, 1.03513, -0.0384452, 0, 0.856896, 0.249814, 25, 25, 100, 1, 0, 0, 0, 10);
REPLACE INTO `gameobject` VALUES (4001482, 600043, 0, 1881.71, 2502.76, 131.982, 0.121126, -0.0172808, 0, 0.885568, 0.229681, 25, 25, 100, 1, 0, 0, 0, 10);
REPLACE INTO `gameobject` VALUES (4001273, 600043, 0, 1946.38, 2572.87, 131.568, 2.09696, 0.0272232, 0, 0.858692, 0.261791, 25, 25, 100, 1, 0, 0, 0, 10);
REPLACE INTO `gameobject` VALUES (4001274, 600043, 0, 1945.92, 2573.65, 130.658, 6.48232, 0.0464615, 0, 0.845249, 0.236861, 25, 25, 100, 1, 0, 0, 0, 10);
REPLACE INTO `gameobject` VALUES (4001275, 600043, 0, 1945.46, 2574.41, 130.971, 0.86574, -0.0346068, 0, 0.880322, 0.255432, 25, 25, 100, 1, 0, 0, 0, 10);
REPLACE INTO `gameobject` VALUES (4001483, 600043, 0, 1882.53, 2502.38, 131.834, 5.33571, 0.0222172, 0, 0.852693, 0.246815, 25, 25, 100, 1, 0, 0, 0, 10);
REPLACE INTO `gameobject` VALUES (4001484, 600043, 0, 1883.35, 2502.02, 131.52, 1.74374, 0.01967, 0, 0.829756, 0.239772, 25, 25, 100, 1, 0, 0, 0, 10);
REPLACE INTO `gameobject` VALUES (4001276, 600043, 0, 1944.97, 2575.17, 130.724, -1.23918, 0.0147853, 0, 0.879906, 0.205174, 25, 25, 100, 1, 0, 0, 0, 10);
REPLACE INTO `gameobject` VALUES (4001277, 600043, 0, 1944.48, 2575.92, 131.723, -1.17165, -0.0322734, 0, 0.842924, 0.261441, 25, 25, 100, 1, 0, 0, 0, 10);
REPLACE INTO `gameobject` VALUES (4001485, 600043, 0, 1884.18, 2501.68, 130.192, 0.436905, -0.03557, 0, 0.886227, 0.287846, 25, 25, 100, 1, 0, 0, 0, 10);
REPLACE INTO `gameobject` VALUES (4001278, 600043, 0, 1943.97, 2576.66, 131.569, -2.06013, -0.0461313, 0, 0.895847, 0.267628, 25, 25, 100, 1, 0, 0, 0, 10);
REPLACE INTO `gameobject` VALUES (4001486, 600043, 0, 1885.01, 2501.35, 131.611, 1.70516, 0.00439937, 0, 0.854368, 0.208641, 25, 25, 100, 1, 0, 0, 0, 10);
REPLACE INTO `gameobject` VALUES (4001487, 600043, 0, 1885.85, 2501.03, 131.602, 5.94907, -0.0174202, 0, 0.839172, 0.29812, 25, 25, 100, 1, 0, 0, 0, 10);
REPLACE INTO `gameobject` VALUES (4001279, 600043, 0, 1943.45, 2577.39, 131.012, 3.01302, 0.0487475, 0, 0.843412, 0.220817, 25, 25, 100, 1, 0, 0, 0, 10);
REPLACE INTO `gameobject` VALUES (4001488, 600043, 0, 1886.7, 2500.73, 131.462, 5.52831, -0.013912, 0, 0.867232, 0.227897, 25, 25, 100, 1, 0, 0, 0, 10);
REPLACE INTO `gameobject` VALUES (4001280, 600043, 0, 1942.92, 2578.11, 131.477, -2.18466, -0.0375747, 0, 0.841743, 0.271439, 25, 25, 100, 1, 0, 0, 0, 10);
REPLACE INTO `gameobject` VALUES (4001489, 600043, 0, 1887.55, 2500.45, 130.756, -2.36894, -0.0370766, 0, 0.848841, 0.205433, 25, 25, 100, 1, 0, 0, 0, 10);
REPLACE INTO `gameobject` VALUES (4001281, 600043, 0, 1942.37, 2578.82, 130.639, 2.46104, -0.0183515, 0, 0.821716, 0.213636, 25, 25, 100, 1, 0, 0, 0, 10);
REPLACE INTO `gameobject` VALUES (4001282, 600043, 0, 1941.81, 2579.52, 130.061, 5.90896, 0.0121178, 0, 0.887865, 0.252972, 25, 25, 100, 1, 0, 0, 0, 10);
REPLACE INTO `gameobject` VALUES (4001490, 600043, 0, 1888.41, 2500.18, 131.613, 7.42889, 0.0426142, 0, 0.802349, 0.233901, 25, 25, 100, 1, 0, 0, 0, 10);
REPLACE INTO `gameobject` VALUES (4001283, 600043, 0, 1941.24, 2580.22, 130.025, 2.68793, -0.0167912, 0, 0.823845, 0.219601, 25, 25, 100, 1, 0, 0, 0, 10);
REPLACE INTO `gameobject` VALUES (4001284, 600043, 0, 1940.65, 2580.9, 130.529, 5.82453, 0.0382846, 0, 0.82081, 0.239195, 25, 25, 100, 1, 0, 0, 0, 10);
REPLACE INTO `gameobject` VALUES (4001285, 600043, 0, 1940.06, 2581.57, 130.671, 3.01817, 0.000114354, 0, 0.800118, 0.250245, 25, 25, 100, 1, 0, 0, 0, 10);
REPLACE INTO `gameobject` VALUES (4001491, 600043, 0, 1889.27, 2499.92, 131.249, -1.72993, 0.015548, 0, 0.895988, 0.283297, 25, 25, 100, 1, 0, 0, 0, 10);
REPLACE INTO `gameobject` VALUES (4001286, 600043, 0, 1939.45, 2582.23, 131.017, -2.56524, 0.0155005, 0, 0.816634, 0.286667, 25, 25, 100, 1, 0, 0, 0, 10);
REPLACE INTO `gameobject` VALUES (4001287, 600043, 0, 1938.83, 2582.88, 131.669, 3.85942, -0.0144878, 0, 0.806075, 0.22384, 25, 25, 100, 1, 0, 0, 0, 10);
REPLACE INTO `gameobject` VALUES (4001288, 600043, 0, 1938.2, 2583.51, 130.02, 1.00266, 0.0138518, 0, 0.819192, 0.204407, 25, 25, 100, 1, 0, 0, 0, 10);
REPLACE INTO `gameobject` VALUES (4001289, 600043, 0, 1937.55, 2584.14, 131.289, -1.91273, 0.00193469, 0, 0.832492, 0.206654, 25, 25, 100, 1, 0, 0, 0, 10);
REPLACE INTO `gameobject` VALUES (4001492, 600043, 0, 1890.13, 2499.68, 130.57, 8.1255, 0.0280004, 0, 0.811864, 0.22532, 25, 25, 100, 1, 0, 0, 0, 10);
REPLACE INTO `gameobject` VALUES (4001290, 600043, 0, 1936.9, 2584.75, 130.716, 4.08167, 0.0376841, 0, 0.861378, 0.24384, 25, 25, 100, 1, 0, 0, 0, 10);
REPLACE INTO `gameobject` VALUES (4001291, 600043, 0, 1936.23, 2585.36, 130.701, 2.25702, -0.0361549, 0, 0.8378, 0.247463, 25, 25, 100, 1, 0, 0, 0, 10);
REPLACE INTO `gameobject` VALUES (4001493, 600043, 0, 1891, 2499.46, 131.82, 6.48998, -0.0276106, 0, 0.874697, 0.206319, 25, 25, 100, 1, 0, 0, 0, 10);
REPLACE INTO `gameobject` VALUES (4001292, 600043, 0, 1935.56, 2585.95, 130.478, 6.2637, -0.0357651, 0, 0.839582, 0.255206, 25, 25, 100, 1, 0, 0, 0, 10);
REPLACE INTO `gameobject` VALUES (4001293, 600043, 0, 1934.87, 2586.53, 131.146, -0.504013, -0.0178513, 0, 0.898344, 0.295273, 25, 25, 100, 1, 0, 0, 0, 10);
REPLACE INTO `gameobject` VALUES (4001294, 600043, 0, 1934.17, 2587.09, 131.627, -0.497913, 0.0102516, 0, 0.838706, 0.212774, 25, 25, 100, 1, 0, 0, 0, 10);
REPLACE INTO `gameobject` VALUES (4001295, 600043, 0, 1933.47, 2587.65, 130.955, -2.94679, 0.00895778, 0, 0.893459, 0.290419, 25, 25, 100, 1, 0, 0, 0, 10);
REPLACE INTO `gameobject` VALUES (4001296, 600043, 0, 1932.75, 2588.19, 131.434, 7.48193, -0.0284175, 0, 0.845864, 0.264573, 25, 25, 100, 1, 0, 0, 0, 10);
REPLACE INTO `gameobject` VALUES (4001297, 600043, 0, 1932.03, 2588.71, 131.705, 0.918146, -0.0425667, 0, 0.839213, 0.273764, 25, 25, 100, 1, 0, 0, 0, 10);
REPLACE INTO `gameobject` VALUES (4001494, 600043, 0, 1891.87, 2499.25, 130.15, -0.773199, 0.0202751, 0, 0.895706, 0.267703, 25, 25, 100, 1, 0, 0, 0, 10);
REPLACE INTO `gameobject` VALUES (4001495, 600043, 0, 1892.75, 2499.06, 131.028, 3.46489, -0.034819, 0, 0.814283, 0.225872, 25, 25, 100, 1, 0, 0, 0, 10);
REPLACE INTO `gameobject` VALUES (4001496, 600043, 0, 1893.63, 2498.89, 131.73, 3.59276, -0.0348351, 0, 0.811006, 0.209533, 25, 25, 100, 1, 0, 0, 0, 10);
REPLACE INTO `gameobject` VALUES (4001298, 600043, 0, 1931.29, 2589.23, 131.024, 1.15507, -0.0304236, 0, 0.894005, 0.211298, 25, 25, 100, 1, 0, 0, 0, 10);
REPLACE INTO `gameobject` VALUES (4001299, 600043, 0, 1930.54, 2589.73, 131.489, 1.61694, 0.0189513, 0, 0.829333, 0.239811, 25, 25, 100, 1, 0, 0, 0, 10);
REPLACE INTO `gameobject` VALUES (4001300, 600043, 0, 1929.79, 2590.22, 130.221, 1.30067, -0.00396778, 0, 0.822644, 0.275125, 25, 25, 100, 1, 0, 0, 0, 10);
REPLACE INTO `gameobject` VALUES (4001497, 600043, 0, 1894.51, 2498.73, 130.293, 2.3577, 0.0292891, 0, 0.862503, 0.274648, 25, 25, 100, 1, 0, 0, 0, 10);
REPLACE INTO `gameobject` VALUES (4001498, 600043, 0, 1895.4, 2498.58, 131.715, -2.43466, 0.0163626, 0, 0.81768, 0.28931, 25, 25, 100, 1, 0, 0, 0, 10);
REPLACE INTO `gameobject` VALUES (4001301, 600043, 0, 1929.03, 2590.69, 130.154, -1.42919, -0.007629, 0, 0.872585, 0.23581, 25, 25, 100, 1, 0, 0, 0, 10);
REPLACE INTO `gameobject` VALUES (4001499, 600043, 0, 1896.29, 2498.45, 131.87, 8.95625, -0.0323629, 0, 0.889279, 0.293484, 25, 25, 100, 1, 0, 0, 0, 10);
REPLACE INTO `gameobject` VALUES (4001302, 600043, 0, 1928.26, 2591.15, 131.226, 8.88663, -0.0386153, 0, 0.859758, 0.264635, 25, 25, 100, 1, 0, 0, 0, 10);
REPLACE INTO `gameobject` VALUES (4001303, 600043, 0, 1927.48, 2591.6, 130.878, 0.0733565, 0.0463459, 0, 0.804895, 0.23544, 25, 25, 100, 1, 0, 0, 0, 10);
REPLACE INTO `gameobject` VALUES (4001304, 600043, 0, 1926.69, 2592.03, 131.25, -2.25106, -0.00633023, 0, 0.899625, 0.267117, 25, 25, 100, 1, 0, 0, 0, 10);
REPLACE INTO `gameobject` VALUES (4001305, 600043, 0, 1925.9, 2592.45, 130.734, 6.86373, -0.0491407, 0, 0.857703, 0.285938, 25, 25, 100, 1, 0, 0, 0, 10);
REPLACE INTO `gameobject` VALUES (4001500, 600043, 0, 1897.18, 2498.34, 131.992, -0.903601, 0.038596, 0, 0.89057, 0.287062, 25, 25, 100, 1, 0, 0, 0, 10);
REPLACE INTO `gameobject` VALUES (4001501, 600043, 0, 1898.07, 2498.24, 131.272, 3.81854, 0.0433009, 0, 0.896041, 0.200302, 25, 25, 100, 1, 0, 0, 0, 10);
REPLACE INTO `gameobject` VALUES (4001502, 600043, 0, 1898.97, 2498.16, 130.268, 4.92385, 0.0399972, 0, 0.85189, 0.289457, 25, 25, 100, 1, 0, 0, 0, 10);
REPLACE INTO `gameobject` VALUES (4001503, 600043, 0, 1899.86, 2498.1, 131.832, 7.76569, 0.0237187, 0, 0.899451, 0.276101, 25, 25, 100, 1, 0, 0, 0, 10);
REPLACE INTO `gameobject` VALUES (4001504, 600043, 0, 1900.76, 2498.05, 131.643, 6.89398, 0.0157976, 0, 0.881639, 0.2108, 25, 25, 100, 1, 0, 0, 0, 10);
REPLACE INTO `gameobject` VALUES (4001306, 600043, 0, 1925.1, 2592.85, 131.132, 0.0113903, 0.0057286, 0, 0.803358, 0.249605, 25, 25, 100, 1, 0, 0, 0, 10);
REPLACE INTO `gameobject` VALUES (4001307, 600043, 0, 1924.29, 2593.24, 130.759, 1.91342, 0.0408689, 0, 0.831509, 0.284939, 25, 25, 100, 1, 0, 0, 0, 10);
REPLACE INTO `gameobject` VALUES (4001505, 600043, 0, 1901.65, 2498.02, 130.182, -1.43774, -0.0121568, 0, 0.85016, 0.237268, 25, 25, 100, 1, 0, 0, 0, 10);
REPLACE INTO `gameobject` VALUES (4001308, 600043, 0, 1923.47, 2593.62, 130.603, 8.52286, 0.0396144, 0, 0.86, 0.231159, 25, 25, 100, 1, 0, 0, 0, 10);
REPLACE INTO `gameobject` VALUES (4001309, 600043, 0, 1922.65, 2593.98, 131.516, 7.25929, -0.0499125, 0, 0.843955, 0.219513, 25, 25, 100, 1, 0, 0, 0, 10);
REPLACE INTO `gameobject` VALUES (4001506, 600043, 0, 1902.55, 2498, 130.717, 5.10128, -0.0200361, 0, 0.847287, 0.246545, 25, 25, 100, 1, 0, 0, 0, 10);
REPLACE INTO `gameobject` VALUES (4001310, 600043, 0, 1921.82, 2594.32, 131.314, 5.3961, 0.00273302, 0, 0.853763, 0.210613, 25, 25, 100, 1, 0, 0, 0, 10);
REPLACE INTO `gameobject` VALUES (4001311, 600043, 0, 1920.99, 2594.65, 131.836, 0.24675, 0.00994349, 0, 0.818549, 0.212913, 25, 25, 100, 1, 0, 0, 0, 10);
REPLACE INTO `gameobject` VALUES (4001312, 600043, 0, 1920.15, 2594.97, 130.178, -2.29743, -0.0474824, 0, 0.895024, 0.267565, 25, 25, 100, 1, 0, 0, 0, 10);
REPLACE INTO `gameobject` VALUES (4001313, 600043, 0, 1919.3, 2595.27, 131.055, 4.33022, -0.00284321, 0, 0.852529, 0.221172, 25, 25, 100, 1, 0, 0, 0, 10);
REPLACE INTO `gameobject` VALUES (4001507, 600043, 0, 1903.45, 2498, 131.817, -1.23764, -0.0491618, 0, 0.860132, 0.298146, 25, 25, 100, 1, 0, 0, 0, 10);
REPLACE INTO `gameobject` VALUES (4001508, 600043, 0, 1904.35, 2498.02, 130.207, 3.86853, 0.00518255, 0, 0.8042, 0.25545, 25, 25, 100, 1, 0, 0, 0, 10);
REPLACE INTO `gameobject` VALUES (4001509, 600043, 0, 1905.24, 2498.05, 131.293, 3.82838, 0.0405643, 0, 0.882112, 0.238867, 25, 25, 100, 1, 0, 0, 0, 10);
REPLACE INTO `gameobject` VALUES (4001314, 600043, 0, 1918.45, 2595.55, 130.966, 6.34352, -0.00551458, 0, 0.888839, 0.21074, 25, 25, 100, 1, 0, 0, 0, 10);
REPLACE INTO `gameobject` VALUES (4001315, 600043, 0, 1917.59, 2595.82, 131.744, -2.55766, 0.00688755, 0, 0.873379, 0.296234, 25, 25, 100, 1, 0, 0, 0, 10);
REPLACE INTO `gameobject` VALUES (4001510, 600043, 0, 1906.14, 2498.1, 130.96, -0.19239, 0.0229849, 0, 0.894734, 0.254716, 25, 25, 100, 1, 0, 0, 0, 10);
REPLACE INTO `gameobject` VALUES (4001511, 600043, 0, 1907.03, 2498.16, 131.788, 6.92851, -0.0044432, 0, 0.879571, 0.261186, 25, 25, 100, 1, 0, 0, 0, 10);
REPLACE INTO `gameobject` VALUES (4001316, 600043, 0, 1916.73, 2596.08, 131.221, -1.02573, 0.0491693, 0, 0.84649, 0.23494, 25, 25, 100, 1, 0, 0, 0, 10);
REPLACE INTO `gameobject` VALUES (4001317, 600043, 0, 1915.87, 2596.32, 130.705, 5.5604, 0.000989266, 0, 0.840936, 0.251714, 25, 25, 100, 1, 0, 0, 0, 10);
REPLACE INTO `gameobject` VALUES (4001318, 600043, 0, 1915, 2596.54, 130.715, -0.160457, -0.0389687, 0, 0.884168, 0.287746, 25, 25, 100, 1, 0, 0, 0, 10);
REPLACE INTO `gameobject` VALUES (4001319, 600043, 0, 1914.13, 2596.75, 131.725, 5.14799, 0.0308162, 0, 0.800381, 0.259457, 25, 25, 100, 1, 0, 0, 0, 10);
REPLACE INTO `gameobject` VALUES (4001320, 600043, 0, 1913.25, 2596.94, 131.923, -2.71927, -0.0267292, 0, 0.809335, 0.276865, 25, 25, 100, 1, 0, 0, 0, 10);
REPLACE INTO `gameobject` VALUES (4001512, 600043, 0, 1907.93, 2498.24, 131.344, 3.30222, 0.0109471, 0, 0.84718, 0.253058, 25, 25, 100, 1, 0, 0, 0, 10);
REPLACE INTO `gameobject` VALUES (4001513, 600043, 0, 1908.82, 2498.34, 130.475, 4.14945, -0.023358, 0, 0.854474, 0.292442, 25, 25, 100, 1, 0, 0, 0, 10);
REPLACE INTO `gameobject` VALUES (4001321, 600043, 0, 1912.37, 2597.11, 131.126, 3.11994, 0.0360405, 0, 0.877204, 0.227899, 25, 25, 100, 1, 0, 0, 0, 10);
REPLACE INTO `gameobject` VALUES (4001322, 600043, 0, 1911.49, 2597.27, 130.158, 3.68698, 0.00497027, 0, 0.807677, 0.273473, 25, 25, 100, 1, 0, 0, 0, 10);
REPLACE INTO `gameobject` VALUES (4001323, 600043, 0, 1910.6, 2597.42, 130.887, -2.84877, 0.0232933, 0, 0.862686, 0.293548, 25, 25, 100, 1, 0, 0, 0, 10);
REPLACE INTO `gameobject` VALUES (4001324, 600043, 0, 1909.71, 2597.55, 131.594, -0.866624, -0.000163187, 0, 0.89585, 0.229738, 25, 25, 100, 1, 0, 0, 0, 10);
REPLACE INTO `gameobject` VALUES (4001325, 600043, 0, 1908.82, 2597.66, 131.223, -1.0213, 0.0490242, 0, 0.845653, 0.231194, 25, 25, 100, 1, 0, 0, 0, 10);
REPLACE INTO `gameobject` VALUES (4001326, 600043, 0, 1907.93, 2597.76, 130.38, -2.82392, 0.000307233, 0, 0.847134, 0.284749, 25, 25, 100, 1, 0, 0, 0, 10);
REPLACE INTO `gameobject` VALUES (4001327, 600043, 0, 1907.03, 2597.84, 131.647, 3.89561, -0.00970894, 0, 0.829065, 0.224452, 25, 25, 100, 1, 0, 0, 0, 10);
REPLACE INTO `gameobject` VALUES (4001328, 600043, 0, 1906.14, 2597.9, 130.701, -2.76351, -0.0453426, 0, 0.817375, 0.272901, 25, 25, 100, 1, 0, 0, 0, 10);
REPLACE INTO `gameobject` VALUES (4001329, 600043, 0, 1905.24, 2597.95, 130.248, 2.18443, 0.028874, 0, 0.864759, 0.287174, 25, 25, 100, 1, 0, 0, 0, 10);
REPLACE INTO `gameobject` VALUES (4001330, 600043, 0, 1904.35, 2597.98, 130.832, 2.57276, -0.0425788, 0, 0.897787, 0.266672, 25, 25, 100, 1, 0, 0, 0, 10);
REPLACE INTO `gameobject` VALUES (4001331, 600043, 0, 1903.45, 2598, 130.8, 8.99827, 0.0299261, 0, 0.899674, 0.25859, 25, 25, 100, 1, 0, 0, 0, 10);
REPLACE INTO `gameobject` VALUES (4001332, 600043, 0, 1902.55, 2598, 131.879, 8.26464, 0.0375752, 0, 0.85626, 0.218574, 25, 25, 100, 1, 0, 0, 0, 10);
REPLACE INTO `gameobject` VALUES (4001514, 600043, 0, 1909.71, 2498.45, 131.976, -1.0056, 0.0367323, 0, 0.883802, 0.258812, 25, 25, 100, 1, 0, 0, 0, 10);
REPLACE INTO `gameobject` VALUES (4001515, 600043, 0, 1910.6, 2498.58, 130.853, 1.41982, 0.0061988, 0, 0.870499, 0.283897, 25, 25, 100, 1, 0, 0, 0, 10);
REPLACE INTO `gameobject` VALUES (4001333, 600043, 0, 1901.65, 2597.98, 130.482, 4.76818, 0.00139968, 0, 0.862794, 0.25977, 25, 25, 100, 1, 0, 0, 0, 10);
REPLACE INTO `gameobject` VALUES (4001516, 600043, 0, 1911.49, 2498.73, 130.16, 7.58963, -0.0327276, 0, 0.821621, 0.25629, 25, 25, 100, 1, 0, 0, 0, 10);
REPLACE INTO `gameobject` VALUES (4001334, 600043, 0, 1900.76, 2597.95, 130.209, 5.7637, -0.0162502, 0, 0.849656, 0.247033, 25, 25, 100, 1, 0, 0, 0, 10);
REPLACE INTO `gameobject` VALUES (4001517, 600043, 0, 1912.37, 2498.89, 130.332, -1.31301, -0.0294657, 0, 0.860497, 0.240882, 25, 25, 100, 1, 0, 0, 0, 10);
REPLACE INTO `gameobject` VALUES (4001518, 600043, 0, 1913.25, 2499.06, 130.458, 8.03301, 0.0409567, 0, 0.878958, 0.221921, 25, 25, 100, 1, 0, 0, 0, 10);
REPLACE INTO `gameobject` VALUES (4001335, 600043, 0, 1899.86, 2597.9, 131.724, 7.78482, 0.0407846, 0, 0.884302, 0.249159, 25, 25, 100, 1, 0, 0, 0, 10);
REPLACE INTO `gameobject` VALUES (4001336, 600043, 0, 1898.97, 2597.84, 131.858, -0.965466, -0.0438861, 0, 0.879706, 0.280188, 25, 25, 100, 1, 0, 0, 0, 10);
REPLACE INTO `gameobject` VALUES (4001519, 600043, 0, 1914.13, 2499.25, 131.455, 8.74665, 0.0212528, 0, 0.862598, 0.299231, 25, 25, 100, 1, 0, 0, 0, 10);
REPLACE INTO `gameobject` VALUES (4001520, 600043, 0, 1915, 2499.46, 130.167, 2.29257, 0.0454459, 0, 0.844915, 0.238238, 25, 25, 100, 1, 0, 0, 0, 10);
REPLACE INTO `gameobject` VALUES (4001337, 600043, 0, 1898.07, 2597.76, 131.236, 5.22579, 0.00727382, 0, 0.880724, 0.2318, 25, 25, 100, 1, 0, 0, 0, 10);
REPLACE INTO `gameobject` VALUES (4001338, 600043, 0, 1897.18, 2597.66, 130.337, 7.64875, 0.0432139, 0, 0.899851, 0.219612, 25, 25, 100, 1, 0, 0, 0, 10);
REPLACE INTO `gameobject` VALUES (4001339, 600043, 0, 1896.29, 2597.55, 131.97, 1.04338, 0.0229564, 0, 0.863697, 0.299618, 25, 25, 100, 1, 0, 0, 0, 10);
REPLACE INTO `gameobject` VALUES (4001521, 600043, 0, 1915.87, 2499.68, 131.129, 5.10082, 0.018202, 0, 0.838489, 0.28784, 25, 25, 100, 1, 0, 0, 0, 10);
REPLACE INTO `gameobject` VALUES (4001340, 600043, 0, 1895.4, 2597.42, 130.14, 1.33538, 0.00965198, 0, 0.889876, 0.270422, 25, 25, 100, 1, 0, 0, 0, 10);
REPLACE INTO `gameobject` VALUES (4001341, 600043, 0, 1894.51, 2597.27, 131.65, -2.86275, 0.00827334, 0, 0.887936, 0.264858, 25, 25, 100, 1, 0, 0, 0, 10);
REPLACE INTO `gameobject` VALUES (4001522, 600043, 0, 1916.73, 2499.92, 130.475, 3.61763, -0.0454659, 0, 0.85723, 0.272547, 25, 25, 100, 1, 0, 0, 0, 10);
REPLACE INTO `gameobject` VALUES (4001342, 600043, 0, 1893.63, 2597.11, 131.21, -2.0594, 0.00774444, 0, 0.865207, 0.252803, 25, 25, 100, 1, 0, 0, 0, 10);
REPLACE INTO `gameobject` VALUES (4001523, 600043, 0, 1917.59, 2500.18, 131.821, 1.50958, -0.0352327, 0, 0.861097, 0.261183, 25, 25, 100, 1, 0, 0, 0, 10);
REPLACE INTO `gameobject` VALUES (4001524, 600043, 0, 1918.45, 2500.45, 130.452, 0.54811, 0.0299683, 0, 0.811139, 0.215789, 25, 25, 100, 1, 0, 0, 0, 10);
REPLACE INTO `gameobject` VALUES (4001343, 600043, 0, 1892.75, 2596.94, 131.368, 7.02753, -0.0373698, 0, 0.812463, 0.224424, 25, 25, 100, 1, 0, 0, 0, 10);
REPLACE INTO `gameobject` VALUES (4001344, 600043, 0, 1891.87, 2596.75, 131.695, 3.04528, 0.0476976, 0, 0.837356, 0.293688, 25, 25, 100, 1, 0, 0, 0, 10);
REPLACE INTO `gameobject` VALUES (4001525, 600043, 0, 1919.3, 2500.73, 130.911, 6.63369, 0.0148148, 0, 0.883232, 0.221713, 25, 25, 100, 1, 0, 0, 0, 10);
REPLACE INTO `gameobject` VALUES (4001345, 600043, 0, 1891, 2596.54, 131.127, -2.9056, -0.0151765, 0, 0.871758, 0.254318, 25, 25, 100, 1, 0, 0, 0, 10);
REPLACE INTO `gameobject` VALUES (4001346, 600043, 0, 1890.13, 2596.32, 131.126, -0.765235, -0.0258303, 0, 0.864979, 0.252387, 25, 25, 100, 1, 0, 0, 0, 10);
REPLACE INTO `gameobject` VALUES (4001347, 600043, 0, 1889.27, 2596.08, 131.34, 6.33925, 0.0381423, 0, 0.80723, 0.271725, 25, 25, 100, 1, 0, 0, 0, 10);
REPLACE INTO `gameobject` VALUES (4001348, 600043, 0, 1888.41, 2595.82, 130.739, 5.33886, -0.0133466, 0, 0.874796, 0.264018, 25, 25, 100, 1, 0, 0, 0, 10);
REPLACE INTO `gameobject` VALUES (4001526, 600043, 0, 1920.15, 2501.03, 131.177, 0.50666, 0.0194934, 0, 0.8598, 0.290521, 25, 25, 100, 1, 0, 0, 0, 10);
REPLACE INTO `gameobject` VALUES (4001349, 600043, 0, 1887.55, 2595.55, 131.914, 7.3764, -0.00476527, 0, 0.866764, 0.298114, 25, 25, 100, 1, 0, 0, 0, 10);
REPLACE INTO `gameobject` VALUES (4001350, 600043, 0, 1886.7, 2595.27, 131.806, 3.84662, -0.0355626, 0, 0.801021, 0.261795, 25, 25, 100, 1, 0, 0, 0, 10);
REPLACE INTO `gameobject` VALUES (4001351, 600043, 0, 1885.85, 2594.97, 130.118, 2.30016, -0.0468916, 0, 0.883038, 0.205864, 25, 25, 100, 1, 0, 0, 0, 10);
REPLACE INTO `gameobject` VALUES (4001352, 600043, 0, 1885.01, 2594.65, 131.604, 7.01257, 0.0265725, 0, 0.832548, 0.233025, 25, 25, 100, 1, 0, 0, 0, 10);
REPLACE INTO `gameobject` VALUES (4001353, 600043, 0, 1884.18, 2594.32, 131.35, 1.59784, 0.0391432, 0, 0.83077, 0.28642, 25, 25, 100, 1, 0, 0, 0, 10);
REPLACE INTO `gameobject` VALUES (4001527, 600043, 0, 1920.99, 2501.35, 131.464, 8.33559, 0.00270015, 0, 0.880111, 0.242454, 25, 25, 100, 1, 0, 0, 0, 10);
REPLACE INTO `gameobject` VALUES (4001528, 600043, 0, 1921.82, 2501.68, 131.439, 0.879395, -0.00417305, 0, 0.83215, 0.223268, 25, 25, 100, 1, 0, 0, 0, 10);
REPLACE INTO `gameobject` VALUES (4001354, 600043, 0, 1883.35, 2593.98, 130.796, 1.76242, 0.0290666, 0, 0.876272, 0.244162, 25, 25, 100, 1, 0, 0, 0, 10);
REPLACE INTO `gameobject` VALUES (4001355, 600043, 0, 1882.53, 2593.62, 131.84, 0.296674, 0.0113871, 0, 0.824519, 0.238431, 25, 25, 100, 1, 0, 0, 0, 10);
REPLACE INTO `gameobject` VALUES (4001356, 600043, 0, 1881.71, 2593.24, 130.372, 6.32562, -0.0172373, 0, 0.830673, 0.255077, 25, 25, 100, 1, 0, 0, 0, 10);
REPLACE INTO `gameobject` VALUES (4001357, 600043, 0, 1880.9, 2592.85, 131.667, 3.19115, -0.0421291, 0, 0.884576, 0.299266, 25, 25, 100, 1, 0, 0, 0, 10);
REPLACE INTO `gameobject` VALUES (4001529, 600043, 0, 1922.65, 2502.02, 130.398, 0.558897, 0.0386097, 0, 0.854076, 0.204552, 25, 25, 100, 1, 0, 0, 0, 10);
REPLACE INTO `gameobject` VALUES (4001358, 600043, 0, 1880.1, 2592.45, 130.852, -1.17516, -0.00176721, 0, 0.895543, 0.233017, 25, 25, 100, 1, 0, 0, 0, 10);
REPLACE INTO `gameobject` VALUES (4001530, 600043, 0, 1923.47, 2502.38, 131.211, 7.67973, 0.0133966, 0, 0.84999, 0.259759, 25, 25, 100, 1, 0, 0, 0, 10);
REPLACE INTO `gameobject` VALUES (4001359, 600043, 0, 1879.31, 2592.03, 131.569, 8.18649, -0.0192586, 0, 0.874045, 0.277999, 25, 25, 100, 1, 0, 0, 0, 10);
REPLACE INTO `gameobject` VALUES (4001360, 600043, 0, 1878.52, 2591.6, 131.357, -2.36373, -0.0270678, 0, 0.898754, 0.224975, 25, 25, 100, 1, 0, 0, 0, 10);
REPLACE INTO `gameobject` VALUES (4001361, 600043, 0, 1877.74, 2591.15, 130.572, 5.17521, 0.00480363, 0, 0.869638, 0.283778, 25, 25, 100, 1, 0, 0, 0, 10);
REPLACE INTO `gameobject` VALUES (4001362, 600043, 0, 1876.97, 2590.69, 130.2, 8.82628, 0.0128294, 0, 0.81849, 0.203963, 25, 25, 100, 1, 0, 0, 0, 10);
REPLACE INTO `gameobject` VALUES (4001363, 600043, 0, 1876.21, 2590.22, 131.287, -1.82066, 0.00610951, 0, 0.851064, 0.286992, 25, 25, 100, 1, 0, 0, 0, 10);
REPLACE INTO `gameobject` VALUES (4001531, 600043, 0, 1924.29, 2502.76, 130.977, 4.78184, 0.0277682, 0, 0.894295, 0.23817, 25, 25, 100, 1, 0, 0, 0, 10);
REPLACE INTO `gameobject` VALUES (4001364, 600043, 0, 1875.46, 2589.73, 131.635, 2.74243, 0.0439711, 0, 0.826295, 0.24956, 25, 25, 100, 1, 0, 0, 0, 10);
REPLACE INTO `gameobject` VALUES (4001365, 600043, 0, 1874.71, 2589.23, 131.378, 8.50804, 0.0227533, 0, 0.876066, 0.262069, 25, 25, 100, 1, 0, 0, 0, 10);
REPLACE INTO `gameobject` VALUES (4001366, 600043, 0, 1873.97, 2588.71, 131.643, -0.0566296, 0.0261996, 0, 0.807414, 0.208471, 25, 25, 100, 1, 0, 0, 0, 10);
REPLACE INTO `gameobject` VALUES (4001367, 600043, 0, 1873.25, 2588.19, 130.402, 6.01783, -0.0345938, 0, 0.851586, 0.211709, 25, 25, 100, 1, 0, 0, 0, 10);
REPLACE INTO `gameobject` VALUES (4001368, 600043, 0, 1872.53, 2587.65, 130.076, 7.05727, -0.0423092, 0, 0.887022, 0.21204, 25, 25, 100, 1, 0, 0, 0, 10);
REPLACE INTO `gameobject` VALUES (4001532, 600043, 0, 1925.1, 2503.15, 130.159, 0.0386426, -0.0472897, 0, 0.837586, 0.279797, 25, 25, 100, 1, 0, 0, 0, 10);
REPLACE INTO `gameobject` VALUES (4001369, 600043, 0, 1871.83, 2587.09, 131.983, 4.14403, -0.0497236, 0, 0.822782, 0.213079, 25, 25, 100, 1, 0, 0, 0, 10);
REPLACE INTO `gameobject` VALUES (4001370, 600043, 0, 1871.13, 2586.53, 131.941, 2.52062, -0.0111186, 0, 0.856392, 0.265314, 25, 25, 100, 1, 0, 0, 0, 10);
REPLACE INTO `gameobject` VALUES (4001371, 600043, 0, 1870.44, 2585.95, 131.148, 7.92309, 0.0329488, 0, 0.841667, 0.259487, 25, 25, 100, 1, 0, 0, 0, 10);
REPLACE INTO `gameobject` VALUES (4001372, 600043, 0, 1869.77, 2585.36, 131.449, 7.04519, -0.0487527, 0, 0.855107, 0.271793, 25, 25, 100, 1, 0, 0, 0, 10);
REPLACE INTO `gameobject` VALUES (4001533, 600043, 0, 1925.9, 2503.55, 131.725, 8.0105, -0.0499168, 0, 0.825154, 0.225519, 25, 25, 100, 1, 0, 0, 0, 10);
REPLACE INTO `gameobject` VALUES (4001373, 600043, 0, 1869.1, 2584.75, 131.873, 3.33991, 0.0332366, 0, 0.857686, 0.238718, 25, 25, 100, 1, 0, 0, 0, 10);
REPLACE INTO `gameobject` VALUES (4001534, 600043, 0, 1926.69, 2503.97, 131.043, 7.09311, 0.0141469, 0, 0.868407, 0.249592, 25, 25, 100, 1, 0, 0, 0, 10);
REPLACE INTO `gameobject` VALUES (4001374, 600043, 0, 1868.45, 2584.14, 130.411, 7.38037, 0.020922, 0, 0.895101, 0.262738, 25, 25, 100, 1, 0, 0, 0, 10);
REPLACE INTO `gameobject` VALUES (4001375, 600043, 0, 1867.8, 2583.51, 130.568, 3.44799, 0.0334972, 0, 0.856286, 0.230938, 25, 25, 100, 1, 0, 0, 0, 10);
REPLACE INTO `gameobject` VALUES (4001376, 600043, 0, 1867.17, 2582.88, 131.717, 1.36201, -0.0257482, 0, 0.812209, 0.288289, 25, 25, 100, 1, 0, 0, 0, 10);
REPLACE INTO `gameobject` VALUES (4001535, 600043, 0, 1927.48, 2504.4, 130.855, 4.79132, 0.0464161, 0, 0.887297, 0.247238, 25, 25, 100, 1, 0, 0, 0, 10);
REPLACE INTO `gameobject` VALUES (4001536, 600043, 0, 1928.26, 2504.85, 131.486, 0.574019, -0.0239816, 0, 0.840741, 0.225652, 25, 25, 100, 1, 0, 0, 0, 10);
REPLACE INTO `gameobject` VALUES (4001377, 600043, 0, 1866.55, 2582.23, 130.096, 4.10639, 0.031648, 0, 0.83058, 0.207957, 25, 25, 100, 1, 0, 0, 0, 10);
REPLACE INTO `gameobject` VALUES (4001537, 600043, 0, 1929.03, 2505.31, 130.121, 3.38623, -0.00201148, 0, 0.880287, 0.257469, 25, 25, 100, 1, 0, 0, 0, 10);
REPLACE INTO `gameobject` VALUES (4001378, 600043, 0, 1865.94, 2581.57, 130.961, -1.03722, -0.0123547, 0, 0.839157, 0.28285, 25, 25, 100, 1, 0, 0, 0, 10);
REPLACE INTO `gameobject` VALUES (4001538, 600043, 0, 1929.79, 2505.78, 130.93, 4.20129, 0.0106035, 0, 0.822985, 0.233116, 25, 25, 100, 1, 0, 0, 0, 10);
REPLACE INTO `gameobject` VALUES (4001539, 600043, 0, 1930.54, 2506.27, 131.932, 7.05208, -0.0210322, 0, 0.893537, 0.280782, 25, 25, 100, 1, 0, 0, 0, 10);
REPLACE INTO `gameobject` VALUES (4001379, 600043, 0, 1865.35, 2580.9, 131.936, 1.23995, 0.0363358, 0, 0.82568, 0.269393, 25, 25, 100, 1, 0, 0, 0, 10);
REPLACE INTO `gameobject` VALUES (4001380, 600043, 0, 1864.76, 2580.22, 131.399, 1.97403, 0.0474731, 0, 0.863015, 0.222655, 25, 25, 100, 1, 0, 0, 0, 10);
REPLACE INTO `gameobject` VALUES (4001381, 600043, 0, 1864.19, 2579.52, 130.485, 3.3819, 0.0432243, 0, 0.806574, 0.253198, 25, 25, 100, 1, 0, 0, 0, 10);
REPLACE INTO `gameobject` VALUES (4001382, 600043, 0, 1863.63, 2578.82, 130.925, 5.61012, -0.0300529, 0, 0.884483, 0.262572, 25, 25, 100, 1, 0, 0, 0, 10);
REPLACE INTO `gameobject` VALUES (4001540, 600043, 0, 1931.29, 2506.77, 130.466, 5.89827, -0.0491382, 0, 0.881852, 0.206677, 25, 25, 100, 1, 0, 0, 0, 10);
REPLACE INTO `gameobject` VALUES (4001383, 600043, 0, 1863.08, 2578.11, 131.188, -1.87938, 0.0184605, 0, 0.814287, 0.266052, 25, 25, 100, 1, 0, 0, 0, 10);
REPLACE INTO `gameobject` VALUES (4001541, 600043, 0, 1932.03, 2507.29, 131.757, -0.707953, -0.0179763, 0, 0.802817, 0.218016, 25, 25, 100, 1, 0, 0, 0, 10);
REPLACE INTO `gameobject` VALUES (4001542, 600043, 0, 1932.75, 2507.81, 131.633, 3.49009, -0.0244584, 0, 0.865456, 0.250655, 25, 25, 100, 1, 0, 0, 0, 10);
REPLACE INTO `gameobject` VALUES (4001543, 600043, 0, 1933.47, 2508.35, 131.138, 0.907875, 0.0421102, 0, 0.862854, 0.23794, 25, 25, 100, 1, 0, 0, 0, 10);
REPLACE INTO `gameobject` VALUES (4001384, 600043, 0, 1862.55, 2577.39, 131.748, 1.6614, -0.0179756, 0, 0.843587, 0.221862, 25, 25, 100, 1, 0, 0, 0, 10);
REPLACE INTO `gameobject` VALUES (4001544, 600043, 0, 1934.17, 2508.91, 130.023, 8.02431, 0.00593269, 0, 0.804056, 0.25248, 25, 25, 100, 1, 0, 0, 0, 10);
REPLACE INTO `gameobject` VALUES (4001385, 600043, 0, 1862.03, 2576.66, 131.571, 0.258148, -0.0498855, 0, 0.819119, 0.29525, 25, 25, 100, 1, 0, 0, 0, 10);
REPLACE INTO `gameobject` VALUES (4001386, 600043, 0, 1861.52, 2575.92, 130.378, -1.95321, 0.036932, 0, 0.80849, 0.281656, 25, 25, 100, 1, 0, 0, 0, 10);
REPLACE INTO `gameobject` VALUES (4001387, 600043, 0, 1861.03, 2575.17, 131.656, 5.28804, 0.0469147, 0, 0.877373, 0.296119, 25, 25, 100, 1, 0, 0, 0, 10);
REPLACE INTO `gameobject` VALUES (4001388, 600043, 0, 1860.54, 2574.41, 130.97, 3.48264, -0.0253167, 0, 0.861351, 0.232703, 25, 25, 100, 1, 0, 0, 0, 10);
REPLACE INTO `gameobject` VALUES (4001389, 600043, 0, 1860.08, 2573.65, 131.589, 8.90499, 0.00765085, 0, 0.890629, 0.280195, 25, 25, 100, 1, 0, 0, 0, 10);
REPLACE INTO `gameobject` VALUES (4001545, 600043, 0, 1934.87, 2509.47, 131.005, 8.24717, -0.0320679, 0, 0.808481, 0.288611, 25, 25, 100, 1, 0, 0, 0, 10);
REPLACE INTO `gameobject` VALUES (4001546, 600043, 0, 1935.56, 2510.05, 130.352, -0.334535, 0.00823465, 0, 0.824537, 0.247979, 25, 25, 100, 1, 0, 0, 0, 10);
REPLACE INTO `gameobject` VALUES (4001390, 600043, 0, 1859.62, 2572.87, 130.582, -2.41922, -0.0130549, 0, 0.870206, 0.240195, 25, 25, 100, 1, 0, 0, 0, 10);
REPLACE INTO `gameobject` VALUES (4001547, 600043, 0, 1936.23, 2510.64, 131.326, 7.49893, -0.0114016, 0, 0.830519, 0.236799, 25, 25, 100, 1, 0, 0, 0, 10);
REPLACE INTO `gameobject` VALUES (4001548, 600043, 0, 1936.9, 2511.25, 131.849, 3.21499, 0.0316452, 0, 0.852851, 0.219321, 25, 25, 100, 1, 0, 0, 0, 10);
REPLACE INTO `gameobject` VALUES (4001549, 600043, 0, 1937.55, 2511.86, 130.761, 0.875232, -0.00268612, 0, 0.839689, 0.256501, 25, 25, 100, 1, 0, 0, 0, 10);
REPLACE INTO `gameobject` VALUES (4001391, 600043, 0, 1859.18, 2572.09, 131.807, 0.743052, 0.0348949, 0, 0.830898, 0.299805, 25, 25, 100, 1, 0, 0, 0, 10);
REPLACE INTO `gameobject` VALUES (4001392, 600043, 0, 1858.76, 2571.3, 130.127, 0.870005, -0.00774965, 0, 0.814502, 0.245757, 25, 25, 100, 1, 0, 0, 0, 10);
REPLACE INTO `gameobject` VALUES (4001393, 600043, 0, 1858.35, 2570.5, 131.706, 7.69553, 0.0398067, 0, 0.881646, 0.238807, 25, 25, 100, 1, 0, 0, 0, 10);
REPLACE INTO `gameobject` VALUES (4001394, 600043, 0, 1857.95, 2569.69, 130.982, 0.489598, 0.0480986, 0, 0.803253, 0.221969, 25, 25, 100, 1, 0, 0, 0, 10);
REPLACE INTO `gameobject` VALUES (4001550, 600043, 0, 1938.2, 2512.49, 131.269, 2.72392, -0.00182523, 0, 0.897776, 0.244355, 25, 25, 100, 1, 0, 0, 0, 10);
REPLACE INTO `gameobject` VALUES (4001551, 600043, 0, 1938.83, 2513.12, 130.569, -1.8995, 0.0105127, 0, 0.875051, 0.293717, 25, 25, 100, 1, 0, 0, 0, 10);
REPLACE INTO `gameobject` VALUES (4001552, 600043, 0, 1939.45, 2513.77, 130.869, 1.32023, -0.000281647, 0, 0.840586, 0.253775, 25, 25, 100, 1, 0, 0, 0, 10);
REPLACE INTO `gameobject` VALUES (4001395, 600043, 0, 1857.57, 2568.88, 130.002, 1.14382, 0.022395, 0, 0.85838, 0.274713, 25, 25, 100, 1, 0, 0, 0, 10);
REPLACE INTO `gameobject` VALUES (4001396, 600043, 0, 1857.2, 2568.06, 131.969, 5.15938, -0.00530654, 0, 0.819483, 0.263334, 25, 25, 100, 1, 0, 0, 0, 10);
REPLACE INTO `gameobject` VALUES (4001553, 600043, 0, 1940.06, 2514.43, 130.942, 5.91229, -0.0200118, 0, 0.827134, 0.245704, 25, 25, 100, 1, 0, 0, 0, 10);
REPLACE INTO `gameobject` VALUES (4001397, 600043, 0, 1856.85, 2567.24, 131.164, -2.86753, -0.0191438, 0, 0.850969, 0.262278, 25, 25, 100, 1, 0, 0, 0, 10);
REPLACE INTO `gameobject` VALUES (4001554, 600043, 0, 1940.65, 2515.1, 130.942, 8.81715, 0.00102894, 0, 0.859716, 0.245493, 25, 25, 100, 1, 0, 0, 0, 10);
REPLACE INTO `gameobject` VALUES (4001398, 600043, 0, 1856.51, 2566.41, 131.17, -2.33099, 0.00243009, 0, 0.845425, 0.269835, 25, 25, 100, 1, 0, 0, 0, 10);
REPLACE INTO `gameobject` VALUES (4001555, 600043, 0, 1941.24, 2515.78, 130.966, -2.38823, 0.0305448, 0, 0.88743, 0.295515, 25, 25, 100, 1, 0, 0, 0, 10);
REPLACE INTO `gameobject` VALUES (4001399, 600043, 0, 1856.19, 2565.57, 130.258, 3.60034, -0.0136915, 0, 0.816534, 0.273745, 25, 25, 100, 1, 0, 0, 0, 10);
REPLACE INTO `gameobject` VALUES (4001400, 600043, 0, 1855.88, 2564.73, 130.382, 5.9246, -0.0355051, 0, 0.84936, 0.203314, 25, 25, 100, 1, 0, 0, 0, 10);
REPLACE INTO `gameobject` VALUES (4001401, 600043, 0, 1855.59, 2563.88, 131.37, 0.901074, 0.00707442, 0, 0.887845, 0.268003, 25, 25, 100, 1, 0, 0, 0, 10);
REPLACE INTO `gameobject` VALUES (4001402, 600043, 0, 1855.31, 2563.02, 131.53, 6.40623, 0.0124898, 0, 0.877293, 0.298997, 25, 25, 100, 1, 0, 0, 0, 10);
REPLACE INTO `gameobject` VALUES (4001403, 600043, 0, 1855.05, 2562.16, 131.262, -0.774946, -0.04661, 0, 0.861324, 0.296448, 25, 25, 100, 1, 0, 0, 0, 10);
REPLACE INTO `gameobject` VALUES (4001404, 600043, 0, 1854.8, 2561.3, 131.965, -2.7589, -0.0347668, 0, 0.870138, 0.204992, 25, 25, 100, 1, 0, 0, 0, 10);
REPLACE INTO `gameobject` VALUES (4001556, 600043, 0, 1941.81, 2516.48, 130.306, 7.78531, -0.0464653, 0, 0.848041, 0.2296, 25, 25, 100, 1, 0, 0, 0, 10);
REPLACE INTO `gameobject` VALUES (4001405, 600043, 0, 1854.57, 2560.43, 130.291, 3.9309, -0.0048532, 0, 0.852461, 0.226866, 25, 25, 100, 1, 0, 0, 0, 10);
REPLACE INTO `gameobject` VALUES (4001406, 600043, 0, 1854.36, 2559.56, 131.539, -2.503, 0.0398638, 0, 0.836894, 0.214878, 25, 25, 100, 1, 0, 0, 0, 10);
REPLACE INTO `gameobject` VALUES (4001407, 600043, 0, 1854.16, 2558.69, 131.274, 5.86835, 0.0283931, 0, 0.870257, 0.216103, 25, 25, 100, 1, 0, 0, 0, 10);
REPLACE INTO `gameobject` VALUES (4001408, 600043, 0, 1853.97, 2557.81, 131.395, -2.94879, 0.0428916, 0, 0.863178, 0.237214, 25, 25, 100, 1, 0, 0, 0, 10);
REPLACE INTO `gameobject` VALUES (4001557, 600043, 0, 1942.37, 2517.18, 130.078, 0.671459, -0.00866059, 0, 0.814911, 0.250534, 25, 25, 100, 1, 0, 0, 0, 10);
REPLACE INTO `gameobject` VALUES (4001409, 600043, 0, 1853.8, 2556.93, 131.931, 5.52463, 0.0155849, 0, 0.814809, 0.277289, 25, 25, 100, 1, 0, 0, 0, 10);
REPLACE INTO `gameobject` VALUES (4001410, 600043, 0, 1853.65, 2556.04, 130.84, 6.38631, 0.0150454, 0, 0.890569, 0.257709, 25, 25, 100, 1, 0, 0, 0, 10);
REPLACE INTO `gameobject` VALUES (4001411, 600043, 0, 1853.51, 2555.16, 130.337, -1.6732, -0.0452265, 0, 0.890698, 0.239169, 25, 25, 100, 1, 0, 0, 0, 10);
REPLACE INTO `gameobject` VALUES (4001412, 600043, 0, 1853.39, 2554.27, 130.475, -2.85105, -0.015042, 0, 0.871066, 0.250458, 25, 25, 100, 1, 0, 0, 0, 10);
REPLACE INTO `gameobject` VALUES (4001413, 600043, 0, 1853.29, 2553.38, 130.782, 2.28919, -0.046887, 0, 0.883335, 0.207337, 25, 25, 100, 1, 0, 0, 0, 10);
REPLACE INTO `gameobject` VALUES (4001558, 600043, 0, 1942.92, 2517.89, 130.159, 7.57203, -0.033321, 0, 0.819094, 0.245435, 25, 25, 100, 1, 0, 0, 0, 10);
REPLACE INTO `gameobject` VALUES (4001414, 600043, 0, 1853.2, 2552.48, 131.734, -1.63394, 0.0468826, 0, 0.850261, 0.260659, 25, 25, 100, 1, 0, 0, 0, 10);
REPLACE INTO `gameobject` VALUES (4001415, 600043, 0, 1853.13, 2551.59, 131.05, 6.66967, -0.00463198, 0, 0.885098, 0.289388, 25, 25, 100, 1, 0, 0, 0, 10);
REPLACE INTO `gameobject` VALUES (4001416, 600043, 0, 1853.07, 2550.69, 131.833, 7.80668, 0.025347, 0, 0.806568, 0.206799, 25, 25, 100, 1, 0, 0, 0, 10);
REPLACE INTO `gameobject` VALUES (4001559, 600043, 0, 1943.45, 2518.61, 131.398, -1.42188, 0.0060817, 0, 0.840955, 0.236532, 25, 25, 100, 1, 0, 0, 0, 10);
REPLACE INTO `gameobject` VALUES (4001417, 600043, 0, 1853.03, 2549.79, 130.286, 3.12657, -0.0375969, 0, 0.808851, 0.207047, 25, 25, 100, 1, 0, 0, 0, 10);
REPLACE INTO `gameobject` VALUES (4001418, 600043, 0, 1853.01, 2548.9, 130.174, -0.328336, 0.0352765, 0, 0.859591, 0.242125, 25, 25, 100, 1, 0, 0, 0, 10);
REPLACE INTO `gameobject` VALUES (4001560, 600043, 0, 1943.97, 2519.34, 131.196, 7.72521, 0.0174996, 0, 0.869368, 0.24434, 25, 25, 100, 1, 0, 0, 0, 10);
REPLACE INTO `gameobject` VALUES (4001561, 600043, 0, 1944.48, 2520.08, 130.272, 1.19523, -0.0159867, 0, 0.865186, 0.223889, 25, 25, 100, 1, 0, 0, 0, 10);
REPLACE INTO `gameobject` VALUES (4001562, 600043, 0, 1944.97, 2520.83, 130.478, 2.73191, 0.0171702, 0, 0.892553, 0.261256, 25, 25, 100, 1, 0, 0, 0, 10);
REPLACE INTO `gameobject` VALUES (4001563, 600043, 0, 1945.46, 2521.59, 130.572, 4.12004, -0.0391926, 0, 0.876036, 0.247756, 25, 25, 100, 1, 0, 0, 0, 10);
REPLACE INTO `gameobject` VALUES (4001564, 600043, 0, 1945.92, 2522.35, 130.213, -1.78753, -0.0315041, 0, 0.862168, 0.25535, 25, 25, 100, 1, 0, 0, 0, 10);
REPLACE INTO `gameobject` VALUES (4001565, 600043, 0, 1946.38, 2523.13, 131.805, 7.22314, 0.00521798, 0, 0.820511, 0.236903, 25, 25, 100, 1, 0, 0, 0, 10);
REPLACE INTO `gameobject` VALUES (4001566, 600043, 0, 1946.82, 2523.91, 130.46, -2.49698, 0.00201885, 0, 0.847519, 0.281538, 25, 25, 100, 1, 0, 0, 0, 10);
REPLACE INTO `gameobject` VALUES (4001567, 600043, 0, 1947.24, 2524.7, 131.303, 6.72548, -0.0401668, 0, 0.806029, 0.200645, 25, 25, 100, 1, 0, 0, 0, 10);
REPLACE INTO `gameobject` VALUES (4001568, 600043, 0, 1947.65, 2525.5, 131.703, -0.150081, 0.0133367, 0, 0.845436, 0.237167, 25, 25, 100, 1, 0, 0, 0, 10);
REPLACE INTO `gameobject` VALUES (4001569, 600043, 0, 1948.05, 2526.31, 130.991, 1.3379, -0.0178448, 0, 0.852329, 0.265177, 25, 25, 100, 1, 0, 0, 0, 10);
REPLACE INTO `gameobject` VALUES (4001570, 600043, 0, 1948.43, 2527.12, 131.378, 2.87602, -0.0118645, 0, 0.843777, 0.204478, 25, 25, 100, 1, 0, 0, 0, 10);
REPLACE INTO `gameobject` VALUES (4001571, 600043, 0, 1948.8, 2527.94, 131.821, 2.02289, -0.0138873, 0, 0.854991, 0.266618, 25, 25, 100, 1, 0, 0, 0, 10);
REPLACE INTO `gameobject` VALUES (4001572, 600043, 0, 1949.15, 2528.76, 131.362, 1.88783, 0.0493078, 0, 0.874343, 0.273792, 25, 25, 100, 1, 0, 0, 0, 10);
REPLACE INTO `gameobject` VALUES (4001419, 600043, 0, 1853, 2548, 130.637, 0.946093, 0.0188653, 0, 0.845674, 0.221775, 25, 25, 100, 1, 0, 0, 0, 10);
REPLACE INTO `gameobject` VALUES (4001420, 600043, 0, 1853.01, 2547.1, 131.437, 8.27212, 0.00411618, 0, 0.888778, 0.281542, 25, 25, 100, 1, 0, 0, 0, 10);
REPLACE INTO `gameobject` VALUES (4001421, 600043, 0, 1853.03, 2546.21, 130.827, 4.46924, 0.0370974, 0, 0.848756, 0.282487, 25, 25, 100, 1, 0, 0, 0, 10);
REPLACE INTO `gameobject` VALUES (4001573, 600043, 0, 1949.49, 2529.59, 130.919, -2.00623, -0.0463877, 0, 0.893217, 0.255249, 25, 25, 100, 1, 0, 0, 0, 10);
REPLACE INTO `gameobject` VALUES (4001422, 600043, 0, 1853.07, 2545.31, 131.323, 7.00588, -0.0315948, 0, 0.841879, 0.254179, 25, 25, 100, 1, 0, 0, 0, 10);
REPLACE INTO `gameobject` VALUES (4001423, 600043, 0, 1853.13, 2544.41, 130.905, 4.64964, 0.0329651, 0, 0.823585, 0.269029, 25, 25, 100, 1, 0, 0, 0, 10);
REPLACE INTO `gameobject` VALUES (4001424, 600043, 0, 1853.2, 2543.52, 131.488, 4.78331, -0.048864, 0, 0.811097, 0.252079, 25, 25, 100, 1, 0, 0, 0, 10);
REPLACE INTO `gameobject` VALUES (4001425, 600043, 0, 1853.29, 2542.62, 130.542, 6.51381, -0.0349029, 0, 0.83764, 0.24291, 25, 25, 100, 1, 0, 0, 0, 10);
REPLACE INTO `gameobject` VALUES (4001426, 600043, 0, 1853.39, 2541.73, 130.033, 6.53035, 0.0422078, 0, 0.82278, 0.237279, 25, 25, 100, 1, 0, 0, 0, 10);
REPLACE INTO `gameobject` VALUES (4001427, 600043, 0, 1853.51, 2540.84, 130.361, 6.41054, -0.0120481, 0, 0.854496, 0.258623, 25, 25, 100, 1, 0, 0, 0, 10);
REPLACE INTO `gameobject` VALUES (4001428, 600043, 0, 1853.65, 2539.96, 130.593, 5.67257, 0.0224728, 0, 0.84555, 0.210329, 25, 25, 100, 1, 0, 0, 0, 10);
REPLACE INTO `gameobject` VALUES (4001574, 600043, 0, 1949.81, 2530.43, 131.932, -0.93309, 0.0463381, 0, 0.830018, 0.261075, 25, 25, 100, 1, 0, 0, 0, 10);
REPLACE INTO `gameobject` VALUES (4001429, 600043, 0, 1853.8, 2539.07, 130.3, 2.28037, 0.0250206, 0, 0.843094, 0.290407, 25, 25, 100, 1, 0, 0, 0, 10);
REPLACE INTO `gameobject` VALUES (4001430, 600043, 0, 1853.97, 2538.19, 130.455, 2.10606, -0.00551086, 0, 0.894794, 0.240504, 25, 25, 100, 1, 0, 0, 0, 10);
REPLACE INTO `gameobject` VALUES (4001431, 600043, 0, 1854.16, 2537.31, 130.363, 5.30137, 0.0414758, 0, 0.849845, 0.274797, 25, 25, 100, 1, 0, 0, 0, 10);
REPLACE INTO `gameobject` VALUES (4001432, 600043, 0, 1854.36, 2536.44, 130.489, 8.74228, -0.0340837, 0, 0.886025, 0.282374, 25, 25, 100, 1, 0, 0, 0, 10);
REPLACE INTO `gameobject` VALUES (4001575, 600043, 0, 1950.12, 2531.27, 130.306, 8.20614, -0.0290436, 0, 0.824629, 0.260274, 25, 25, 100, 1, 0, 0, 0, 10);
REPLACE INTO `gameobject` VALUES (4001576, 600043, 0, 1950.41, 2532.12, 130.55, 3.79149, -0.0494716, 0, 0.832855, 0.262689, 25, 25, 100, 1, 0, 0, 0, 10);
REPLACE INTO `gameobject` VALUES (4001433, 600043, 0, 1854.57, 2535.57, 131.076, -0.376777, -0.00208845, 0, 0.873977, 0.226151, 25, 25, 100, 1, 0, 0, 0, 10);
REPLACE INTO `gameobject` VALUES (4001577, 600043, 0, 1950.69, 2532.98, 130.298, 7.36053, 0.0370455, 0, 0.876214, 0.219936, 25, 25, 100, 1, 0, 0, 0, 10);
REPLACE INTO `gameobject` VALUES (4001434, 600043, 0, 1854.8, 2534.7, 130.176, 4.88046, -0.048122, 0, 0.812378, 0.256257, 25, 25, 100, 1, 0, 0, 0, 10);
REPLACE INTO `gameobject` VALUES (4001578, 600043, 0, 1950.95, 2533.84, 131.421, 8.44394, 0.0137272, 0, 0.832537, 0.271506, 25, 25, 100, 1, 0, 0, 0, 10);
REPLACE INTO `gameobject` VALUES (4001579, 600043, 0, 1951.2, 2534.7, 131.198, 7.20757, -0.00443282, 0, 0.872647, 0.226532, 25, 25, 100, 1, 0, 0, 0, 10);
REPLACE INTO `gameobject` VALUES (4001435, 600043, 0, 1855.05, 2533.84, 130.883, 3.2386, -0.0225145, 0, 0.881462, 0.224855, 25, 25, 100, 1, 0, 0, 0, 10);
REPLACE INTO `gameobject` VALUES (4001436, 600043, 0, 1855.31, 2532.98, 131.598, -0.0147971, 0.0347183, 0, 0.848962, 0.290653, 25, 25, 100, 1, 0, 0, 0, 10);
REPLACE INTO `gameobject` VALUES (4001437, 600043, 0, 1855.59, 2532.12, 130.128, 4.19353, 0.0305869, 0, 0.823096, 0.27372, 25, 25, 100, 1, 0, 0, 0, 10);
REPLACE INTO `gameobject` VALUES (4001438, 600043, 0, 1855.88, 2531.27, 131.986, 6.04754, 0.0290473, 0, 0.869048, 0.208098, 25, 25, 100, 1, 0, 0, 0, 10);
REPLACE INTO `gameobject` VALUES (4001580, 600043, 0, 1951.43, 2535.57, 130.294, 8.28087, -0.0241262, 0, 0.847347, 0.259115, 25, 25, 100, 1, 0, 0, 0, 10);
REPLACE INTO `gameobject` VALUES (4001439, 600043, 0, 1856.19, 2530.43, 130.667, 2.09336, -0.0378208, 0, 0.833562, 0.231272, 25, 25, 100, 1, 0, 0, 0, 10);
REPLACE INTO `gameobject` VALUES (4001440, 600043, 0, 1856.51, 2529.59, 131.113, 7.14696, 0.00576529, 0, 0.825153, 0.258467, 25, 25, 100, 1, 0, 0, 0, 10);
REPLACE INTO `gameobject` VALUES (4001441, 600043, 0, 1856.85, 2528.76, 130.338, -1.92271, 0.0442606, 0, 0.844371, 0.239073, 25, 25, 100, 1, 0, 0, 0, 10);
REPLACE INTO `gameobject` VALUES (4001442, 600043, 0, 1857.2, 2527.94, 131.245, 8.28493, 0.0334495, 0, 0.835124, 0.225273, 25, 25, 100, 1, 0, 0, 0, 10);
REPLACE INTO `gameobject` VALUES (4001443, 600043, 0, 1857.57, 2527.12, 130.42, 0.497539, 0.0327512, 0, 0.826318, 0.283334, 25, 25, 100, 1, 0, 0, 0, 10);
REPLACE INTO `gameobject` VALUES (4001444, 600043, 0, 1857.95, 2526.31, 130.754, 1.6309, 0.029798, 0, 0.883218, 0.276694, 25, 25, 100, 1, 0, 0, 0, 10);
REPLACE INTO `gameobject` VALUES (4001445, 600043, 0, 1858.35, 2525.5, 130.676, 1.67956, 0.0435354, 0, 0.850688, 0.272834, 25, 25, 100, 1, 0, 0, 0, 10);
REPLACE INTO `gameobject` VALUES (4001581, 600043, 0, 1951.64, 2536.44, 131.071, 7.83875, 0.0410135, 0, 0.884099, 0.247454, 25, 25, 100, 1, 0, 0, 0, 10);
REPLACE INTO `gameobject` VALUES (4001446, 600043, 0, 1858.76, 2524.7, 130.242, 2.04277, 0.0238007, 0, 0.842934, 0.29327, 25, 25, 100, 1, 0, 0, 0, 10);
REPLACE INTO `gameobject` VALUES (4001447, 600043, 0, 1859.18, 2523.91, 130.751, -2.04969, -0.023041, 0, 0.811037, 0.274309, 25, 25, 100, 1, 0, 0, 0, 10);
REPLACE INTO `gameobject` VALUES (4001448, 600043, 0, 1859.62, 2523.13, 130.769, 5.30978, -0.0190651, 0, 0.84693, 0.241846, 25, 25, 100, 1, 0, 0, 0, 10);
REPLACE INTO `gameobject` VALUES (4001582, 600043, 0, 1951.84, 2537.31, 131.699, 6.90089, 0.00761498, 0, 0.840553, 0.229919, 25, 25, 100, 1, 0, 0, 0, 10);
REPLACE INTO `gameobject` VALUES (4001583, 600043, 0, 1952.03, 2538.19, 130.559, 2.99055, 0.0157996, 0, 0.879234, 0.298773, 25, 25, 100, 1, 0, 0, 0, 10);
REPLACE INTO `gameobject` VALUES (4001449, 600043, 0, 1860.08, 2522.35, 131.369, -1.00072, 0.027984, 0, 0.839938, 0.265739, 25, 25, 100, 1, 0, 0, 0, 10);
REPLACE INTO `gameobject` VALUES (4001450, 600043, 0, 1860.54, 2521.59, 130.178, 2.66172, -0.0407335, 0, 0.804789, 0.296148, 25, 25, 100, 1, 0, 0, 0, 10);
REPLACE INTO `gameobject` VALUES (4001451, 600043, 0, 1861.03, 2520.83, 131.327, 2.2096, -0.0320478, 0, 0.859521, 0.243748, 25, 25, 100, 1, 0, 0, 0, 10);
REPLACE INTO `gameobject` VALUES (4001452, 600043, 0, 1861.52, 2520.08, 130.804, 5.35803, -0.022286, 0, 0.829619, 0.264955, 25, 25, 100, 1, 0, 0, 0, 10);
REPLACE INTO `gameobject` VALUES (4001584, 600043, 0, 1952.2, 2539.07, 131.123, 7.13903, 0.0039728, 0, 0.816388, 0.220023, 25, 25, 100, 1, 0, 0, 0, 10);
REPLACE INTO `gameobject` VALUES (4001453, 600043, 0, 1862.03, 2519.34, 130.718, 7.16568, -0.0341768, 0, 0.824974, 0.2774, 25, 25, 100, 1, 0, 0, 0, 10);
REPLACE INTO `gameobject` VALUES (4001454, 600043, 0, 1862.55, 2518.61, 130.242, 0.382628, -0.0452901, 0, 0.838984, 0.28079, 25, 25, 100, 1, 0, 0, 0, 10);
REPLACE INTO `gameobject` VALUES (4001585, 600043, 0, 1952.35, 2539.96, 131.019, 8.36226, -0.0294256, 0, 0.818816, 0.232355, 25, 25, 100, 1, 0, 0, 0, 10);
REPLACE INTO `gameobject` VALUES (4001586, 600043, 0, 1952.49, 2540.84, 130.107, 0.548901, -0.0181126, 0, 0.870715, 0.257911, 25, 25, 100, 1, 0, 0, 0, 10);
REPLACE INTO `gameobject` VALUES (4001455, 600043, 0, 1863.08, 2517.89, 131.74, 8.11449, -0.0478909, 0, 0.832684, 0.25709, 25, 25, 100, 1, 0, 0, 0, 10);
REPLACE INTO `gameobject` VALUES (4001587, 600043, 0, 1952.61, 2541.73, 131.548, -1.40115, -0.0156154, 0, 0.831952, 0.256604, 25, 25, 100, 1, 0, 0, 0, 10);
REPLACE INTO `gameobject` VALUES (4001588, 600043, 0, 1952.71, 2542.62, 131.743, 4.92241, 0.0186005, 0, 0.844943, 0.218911, 25, 25, 100, 1, 0, 0, 0, 10);
REPLACE INTO `gameobject` VALUES (4001456, 600043, 0, 1863.63, 2517.18, 131.748, 4.88735, 0.0164407, 0, 0.83502, 0.275777, 25, 25, 100, 1, 0, 0, 0, 10);
REPLACE INTO `gameobject` VALUES (4001457, 600043, 0, 1864.19, 2516.48, 131.477, 2.01606, 0.0375233, 0, 0.812215, 0.298505, 25, 25, 100, 1, 0, 0, 0, 10);
REPLACE INTO `gameobject` VALUES (4001458, 600043, 0, 1864.76, 2515.78, 131.118, 7.06531, 0.00175328, 0, 0.807133, 0.280408, 25, 25, 100, 1, 0, 0, 0, 10);
REPLACE INTO `gameobject` VALUES (4001589, 600043, 0, 1952.8, 2543.52, 131.195, 2.02865, -0.019656, 0, 0.826004, 0.238987, 25, 25, 100, 1, 0, 0, 0, 10);
REPLACE INTO `gameobject` VALUES (4001459, 600043, 0, 1865.35, 2515.1, 131.613, 4.43599, 0.0179193, 0, 0.853697, 0.264725, 25, 25, 100, 1, 0, 0, 0, 10);
REPLACE INTO `gameobject` VALUES (4001460, 600043, 0, 1865.94, 2514.43, 131.251, -0.779953, -0.0451032, 0, 0.868983, 0.230224, 25, 25, 100, 1, 0, 0, 0, 10);
REPLACE INTO `gameobject` VALUES (4001590, 600043, 0, 1952.87, 2544.41, 130.338, 5.11904, 0.0375214, 0, 0.834631, 0.210591, 25, 25, 100, 1, 0, 0, 0, 10);
REPLACE INTO `gameobject` VALUES (4001461, 600043, 0, 1866.55, 2513.77, 130.883, 0.621482, -0.031615, 0, 0.801388, 0.251785, 25, 25, 100, 1, 0, 0, 0, 10);
REPLACE INTO `gameobject` VALUES (4001591, 600043, 0, 1952.93, 2545.31, 130.981, -1.3758, -0.0295095, 0, 0.861847, 0.247765, 25, 25, 100, 1, 0, 0, 0, 10);
REPLACE INTO `gameobject` VALUES (4001462, 600043, 0, 1867.17, 2513.12, 131.095, -0.786282, -0.0220431, 0, 0.884441, 0.238336, 25, 25, 100, 1, 0, 0, 0, 10);
REPLACE INTO `gameobject` VALUES (4001463, 600043, 0, 1867.8, 2512.49, 130.767, 6.21303, 0.018806, 0, 0.813704, 0.262104, 25, 25, 100, 1, 0, 0, 0, 10);
REPLACE INTO `gameobject` VALUES (4001464, 600043, 0, 1868.45, 2511.86, 131.388, 4.28572, 0.0453566, 0, 0.89464, 0.28713, 25, 25, 100, 1, 0, 0, 0, 10);
REPLACE INTO `gameobject` VALUES (4001465, 600043, 0, 1869.1, 2511.25, 131.035, 8.67186, -0.0188663, 0, 0.863872, 0.225959, 25, 25, 100, 1, 0, 0, 0, 10);
REPLACE INTO `gameobject` VALUES (4001592, 600043, 0, 1952.97, 2546.21, 131.066, -0.226059, 0.00573461, 0, 0.809325, 0.279419, 25, 25, 100, 1, 0, 0, 0, 10);
REPLACE INTO `gameobject` VALUES (4001466, 600043, 0, 1869.77, 2510.64, 130.764, -1.43709, 0.000580018, 0, 0.813827, 0.217396, 25, 25, 100, 1, 0, 0, 0, 10);
REPLACE INTO `gameobject` VALUES (4001593, 600043, 0, 1952.99, 2547.1, 131.382, -2.11855, -0.0206341, 0, 0.824793, 0.235869, 25, 25, 100, 1, 0, 0, 0, 10);
REPLACE INTO `gameobject` VALUES (4001467, 600043, 0, 1870.44, 2510.05, 130.91, 6.03658, -0.00997147, 0, 0.874228, 0.251055, 25, 25, 100, 1, 0, 0, 0, 10);
REPLACE INTO `gameobject` VALUES (4001594, 500004, 0, 1903, 2548, 120, 4.68586, 0, 0, 0.716424, -0.697666, 25, 25, 100, 1, 0, 0, 0, 10);
REPLACE INTO `gameobject` VALUES (4001222, 500065, 0, 1913.82, 2514.71, 131.252, 1.88592, 0, 0, 0.8093, 0.587396, 25, 25, 100, 1, 0, 0, 0, 10);
REPLACE INTO `gameobject` VALUES (4001223, 500065, 0, 1874.68, 2527.43, 131.252, 0.633207, 0, 0, 0.311341, 0.950298, 25, 25, 100, 1, 0, 0, 0, 10);
REPLACE INTO `gameobject` VALUES (4001224, 500065, 0, 1874.68, 2568.57, 131.252, 5.65976, 0, 0, 0.306689, -0.95181, 25, 25, 100, 1, 0, 0, 0, 10);
REPLACE INTO `gameobject` VALUES (4001225, 500065, 0, 1913.82, 2581.29, 131.252, 4.39528, 0, 0, 0.809883, -0.586591, 25, 25, 100, 1, 0, 0, 0, 10);
REPLACE INTO `gameobject` VALUES (4001226, 500065, 0, 1938, 2548, 131.253, 3.10722, 0, 0, 0.999852, 0.0171874, 25, 25, 100, 1, 0, 0, 0, 10);
REPLACE INTO `gameobject` VALUES (4001239, 500066, 0, 1874.68, 2527.43, 136.618, 0.609632, 0, 0, 0.300118, 0.953902, 25, 25, 100, 1, 0, 0, 0, 10);
REPLACE INTO `gameobject` VALUES (4001240, 500066, 0, 1913.82, 2581.29, 136.618, 4.43845, 0, 0, 0.797033, -0.603935, 25, 25, 100, 1, 0, 0, 0, 10);
REPLACE INTO `gameobject` VALUES (4001241, 500066, 0, 1874.68, 2568.57, 136.618, 5.68723, 0, 0, 0.293587, -0.955932, 25, 25, 100, 1, 0, 0, 0, 10);
REPLACE INTO `gameobject` VALUES (4001242, 500066, 0, 1913.82, 2514.71, 136.618, 1.93695, 0, 0, 0.824024, 0.566555, 25, 25, 100, 1, 0, 0, 0, 10);
REPLACE INTO `gameobject` VALUES (4001243, 500066, 0, 1938, 2548, 136.619, 3.08757, 0, 0, 0.999635, 0.0270078, 25, 25, 100, 1, 0, 0, 0, 10);
REPLACE INTO `gameobject` VALUES (4001756, 500069, 0, 1855.09, 2557.72, 131.252, 2.89518, 0, 0, 0.992419, 0.122897, 25, 25, 100, 1, 0, 0, 0, 10);
REPLACE INTO `gameobject` VALUES (4001757, 500069, 0, 1853.78, 2551.84, 131.252, 3.06011, 0, 0, 0.99917, 0.0407302, 25, 25, 100, 1, 0, 0, 0, 10);
REPLACE INTO `gameobject` VALUES (4001758, 500069, 0, 1853.69, 2545.69, 131.252, 3.25253, 0, 0, 0.998462, -0.0554414, 25, 25, 100, 1, 0, 0, 0, 10);
REPLACE INTO `gameobject` VALUES (4001759, 500069, 0, 1854.33, 2539.72, 131.252, 3.29573, 0, 0, 0.997032, -0.076992, 25, 25, 100, 1, 0, 0, 0, 10);
REPLACE INTO `gameobject` VALUES (4001760, 500069, 0, 1855.66, 2533.56, 131.252, 3.31144, 0, 0, 0.996396, -0.0848202, 25, 25, 100, 1, 0, 0, 0, 10);
REPLACE INTO `gameobject` VALUES (4001761, 500069, 0, 1882.36, 2503, 131.252, 4.36776, 0, 0, 0.817878, -0.575391, 25, 25, 100, 1, 0, 0, 0, 10);
REPLACE INTO `gameobject` VALUES (4001762, 500069, 0, 1889.98, 2500.21, 131.252, 4.42271, 0, 0, 0.801761, -0.597645, 25, 25, 100, 1, 0, 0, 0, 10);
REPLACE INTO `gameobject` VALUES (4001763, 500069, 0, 1897.84, 2498.86, 131.252, 4.48554, 0, 0, 0.782596, -0.62253, 25, 25, 100, 1, 0, 0, 0, 10);
REPLACE INTO `gameobject` VALUES (4001764, 500069, 0, 1902, 2498.57, 131.252, 4.63475, 0, 0, 0.734018, -0.67913, 25, 25, 100, 1, 0, 0, 0, 10);
REPLACE INTO `gameobject` VALUES (4001765, 500069, 0, 1908.11, 2498.83, 131.252, 4.75647, 0, 0, 0.69135, -0.72252, 25, 25, 100, 1, 0, 0, 0, 10);
REPLACE INTO `gameobject` VALUES (4001766, 500069, 0, 1936.27, 2511.22, 131.252, 5.46332, 0, 0, 0.398549, -0.917147, 25, 25, 100, 1, 0, 0, 0, 10);
REPLACE INTO `gameobject` VALUES (4001767, 500069, 0, 1940.96, 2516.52, 131.252, 5.5929, 0, 0, 0.338331, -0.941027, 25, 25, 100, 1, 0, 0, 0, 10);
REPLACE INTO `gameobject` VALUES (4001768, 500069, 0, 1945.52, 2523.04, 131.253, 5.695, 0, 0, 0.289872, -0.957066, 25, 25, 100, 1, 0, 0, 0, 10);
REPLACE INTO `gameobject` VALUES (4001769, 500069, 0, 1948.48, 2528.64, 131.253, 5.81673, 0, 0, 0.231119, -0.972925, 25, 25, 100, 1, 0, 0, 0, 10);
REPLACE INTO `gameobject` VALUES (4001770, 500069, 0, 1952.1, 2554.62, 131.253, 0.000840187, 0, 0, 0.000420094, 1, 25, 25, 100, 1, 0, 0, 0, 10);
REPLACE INTO `gameobject` VALUES (4001771, 500069, 0, 1950.62, 2560.62, 131.253, 0.177555, 0, 0, 0.0886608, 0.996062, 25, 25, 100, 1, 0, 0, 0, 10);
REPLACE INTO `gameobject` VALUES (4001772, 500069, 0, 1948.31, 2566.86, 131.252, 0.389612, 0, 0, 0.193576, 0.981085, 25, 25, 100, 1, 0, 0, 0, 10);
REPLACE INTO `gameobject` VALUES (4001773, 500069, 0, 1945.72, 2573, 131.252, 0.570254, 0, 0, 0.281279, 0.959626, 25, 25, 100, 1, 0, 0, 0, 10);
REPLACE INTO `gameobject` VALUES (4001774, 500069, 0, 1942.17, 2578.24, 131.252, 0.578108, 0, 0, 0.285046, 0.958514, 25, 25, 100, 1, 0, 0, 0, 10);
REPLACE INTO `gameobject` VALUES (4001775, 500069, 0, 1937.69, 2583.58, 131.252, 0.684137, 0, 0, 0.335436, 0.942063, 25, 25, 100, 1, 0, 0, 0, 10);
REPLACE INTO `gameobject` VALUES (4001776, 500069, 0, 1932.73, 2587.56, 131.252, 0.782312, 0, 0, 0.381257, 0.924469, 25, 25, 100, 1, 0, 0, 0, 10);
REPLACE INTO `gameobject` VALUES (4001777, 500069, 0, 1927.48, 2591, 131.252, 0.892267, 0, 0, 0.431481, 0.902122, 25, 25, 100, 1, 0, 0, 0, 10);
REPLACE INTO `gameobject` VALUES (4001778, 500069, 0, 1921.94, 2593.73, 131.252, 1.15538, 0, 0, 0.546089, 0.837727, 25, 25, 100, 1, 0, 0, 0, 10);
REPLACE INTO `gameobject` VALUES (4001779, 500069, 0, 1915.58, 2595.76, 131.252, 1.30853, 0, 0, 0.608576, 0.793496, 25, 25, 100, 1, 0, 0, 0, 10);
REPLACE INTO `gameobject` VALUES (4001780, 500069, 0, 1908.34, 2597.21, 131.252, 1.43812, 0, 0, 0.658677, 0.752425, 25, 25, 100, 1, 0, 0, 0, 10);
REPLACE INTO `gameobject` VALUES (4001781, 500069, 0, 1902.11, 2597.46, 131.252, 1.62661, 0, 0, 0.726564, 0.687099, 25, 25, 100, 1, 0, 0, 0, 10);
REPLACE INTO `gameobject` VALUES (4001782, 500069, 0, 1898.56, 2597.21, 131.252, 1.62661, 0, 0, 0.726564, 0.687099, 25, 25, 100, 1, 0, 0, 0, 10);
REPLACE INTO `gameobject` VALUES (4001783, 500069, 0, 1883.11, 2593.35, 131.252, 1.99968, 0, 0, 0.841384, 0.540437, 25, 25, 100, 1, 0, 0, 0, 10);
REPLACE INTO `gameobject` VALUES (4001784, 500069, 0, 1876.14, 2589.53, 131.252, 2.21174, 0, 0, 0.893854, 0.448358, 25, 25, 100, 1, 0, 0, 0, 10);
REPLACE INTO `gameobject` VALUES (4001785, 500069, 0, 1948.47, 2567.22, 131.252, 0.495582, 0, 0, 0.245263, 0.969457, 25, 25, 100, 1, 0, 0, 0, 10);
REPLACE INTO `gameobject` VALUES (4001786, 500069, 0, 1932.64, 2587.44, 131.252, 0.951101, 0, 0, 0.457828, 0.889041, 25, 25, 100, 1, 0, 0, 0, 10);
REPLACE INTO `gameobject` VALUES (4001787, 500069, 0, 1898.71, 2498.76, 131.252, 4.56392, 0, 0, 0.757602, -0.652717, 25, 25, 100, 1, 0, 0, 0, 10);
REPLACE INTO `gameobject` VALUES (3998964, 181174, 1, -11913.4, -4640.1, 6.02885, 4.84747, 0, 0, 0.657771, -0.753218, 25, 25, 100, 1, 0, 0, 0, 10);
REPLACE INTO `gameobject` VALUES (3998965, 181206, 1, -11913.4, -4640.1, 6.02885, 4.84747, 0, 0, 0.657771, -0.753218, 25, 25, 100, 1, 0, 0, 0, 10);
REPLACE INTO `gameobject` VALUES (4001792, 1900007, 1, -11907.1, -4621.43, 3.73709, 0.547389, 0, 0, 0.27029, 0.962779, 25, 25, 100, 1, 0, 0, 0, 10);
REPLACE INTO `gameobject` VALUES (3998962, 181206, 1, -11906.1, -4634.05, 4.48813, 4.79249, 0, 0, 0.678226, -0.734853, 25, 25, 100, 1, 0, 0, 0, 10);
REPLACE INTO `gameobject` VALUES (3998963, 181174, 1, -11906.1, -4634.05, 4.48813, 4.79249, 0, 0, 0.678226, -0.734853, 25, 25, 100, 1, 0, 0, 0, 10);
REPLACE INTO `gameobject` VALUES (3998971, 181174, 1, -11905.4, -4652.62, 6.59416, 3.17067, 0, 0, 0.999894, -0.0145406, 25, 25, 100, 1, 0, 0, 0, 10);
REPLACE INTO `gameobject` VALUES (3998970, 181206, 1, -11905.4, -4652.62, 6.59416, 3.17067, 0, 0, 0.999894, -0.0145406, 25, 25, 100, 1, 0, 0, 0, 10);
REPLACE INTO `gameobject` VALUES (4001803, 181136, 1, -11904.9, -4643.15, 5.86713, 5.1891, 0, 0, 0.520164, -0.854066, 25, 25, 100, 1, 0, 0, 0, 10);
REPLACE INTO `gameobject` VALUES (3998989, 181174, 1, -11901.8, -4578.9, 0.56914, 1.86692, 0, 0, 0.803682, 0.595059, 25, 25, 100, 1, 0, 0, 0, 10);
REPLACE INTO `gameobject` VALUES (3998988, 181206, 1, -11901.8, -4578.9, 0.56914, 1.86692, 0, 0, 0.803682, 0.595059, 25, 25, 100, 1, 0, 0, 0, 10);
REPLACE INTO `gameobject` VALUES (4001791, 1900007, 1, -11898.2, -4664.03, 7.17375, 3.10386, 0, 0, 0.999822, 0.0188672, 25, 25, 100, 1, 0, 0, 0, 10);
REPLACE INTO `gameobject` VALUES (3998967, 181174, 1, -11898, -4636.87, 5.53481, 4.58046, 0, 0, 0.752178, -0.65896, 25, 25, 100, 1, 0, 0, 0, 10);
REPLACE INTO `gameobject` VALUES (3998966, 181206, 1, -11898, -4636.87, 5.53481, 4.58046, 0, 0, 0.752178, -0.65896, 25, 25, 100, 1, 0, 0, 0, 10);
REPLACE INTO `gameobject` VALUES (3998968, 181174, 1, -11896.1, -4646.72, 6.6038, 4.63937, 0, 0, 0.732447, -0.680824, 25, 25, 100, 1, 0, 0, 0, 10);
REPLACE INTO `gameobject` VALUES (3998969, 181206, 1, -11896.1, -4646.72, 6.6038, 4.63937, 0, 0, 0.732447, -0.680824, 25, 25, 100, 1, 0, 0, 0, 10);
REPLACE INTO `gameobject` VALUES (3998987, 181174, 1, -11894.4, -4589.74, 2.94925, 3.28456, 0, 0, 0.997446, -0.0714226, 25, 25, 100, 1, 0, 0, 0, 10);
REPLACE INTO `gameobject` VALUES (3998986, 181206, 1, -11894.4, -4589.74, 2.94925, 3.28456, 0, 0, 0.997446, -0.0714226, 25, 25, 100, 1, 0, 0, 0, 10);
REPLACE INTO `gameobject` VALUES (4001808, 181136, 1, -11891.8, -4581.83, 1.76328, 3.92698, 0, 0, 0.923882, -0.382678, 25, 25, 100, 1, 0, 0, 0, 10);
REPLACE INTO `gameobject` VALUES (3998982, 181206, 1, -11890.6, -4571.59, 0.573683, 3.01752, 0, 0, 0.998076, 0.0619945, 25, 25, 100, 1, 0, 0, 0, 10);
REPLACE INTO `gameobject` VALUES (3998983, 181174, 1, -11890.6, -4571.59, 0.573683, 3.01752, 0, 0, 0.998076, 0.0619945, 25, 25, 100, 1, 0, 0, 0, 10);
REPLACE INTO `gameobject` VALUES (3998985, 181174, 1, -11883.7, -4583.52, 2.59916, 3.77543, 0, 0, 0.9502, -0.311642, 25, 25, 100, 1, 0, 0, 0, 10);
REPLACE INTO `gameobject` VALUES (3998984, 181206, 1, -11883.7, -4583.52, 2.59916, 3.77543, 0, 0, 0.9502, -0.311642, 25, 25, 100, 1, 0, 0, 0, 10);
REPLACE INTO `gameobject` VALUES (3999026, 180394, 1, -11881.5, -4739.3, 5.93988, 0.32748, 0, 0, 0.163009, 0.986625, 25, 25, 100, 1, 0, 0, 5, 10);
REPLACE INTO `gameobject` VALUES (3999031, 987658, 1, -11876.2, -4745.8, 6.17605, 2.71901, 0, 0, 0.977761, 0.209723, 25, 25, 100, 1, 0, 0, 0, 10);
REPLACE INTO `gameobject` VALUES (4001790, 1900007, 1, -11873.3, -4670.56, 6.31911, 5.3658, 0, 0, 0.442776, -0.896632, 25, 25, 100, 1, 0, 0, 0, 10);
REPLACE INTO `gameobject` VALUES (4001793, 1900007, 1, -11873, -4603.15, 4.7042, 5.47183, 0, 0, 0.39464, -0.918836, 25, 25, 100, 1, 0, 0, 0, 10);
REPLACE INTO `gameobject` VALUES (3999023, 181257, 1, -11872.2, -4707.26, 6.86276, 1.76397, 0, 0, 0.772001, 0.635621, 25, 25, 100, 1, 0, 0, 0, 10);
REPLACE INTO `gameobject` VALUES (3998839, 180352, 1, -11869.2, -4707.81, 6.40856, 2.2282, 0, 0, 0.897514, 0.440986, 25, 25, 100, 1, 0, 0, 5, 10);
REPLACE INTO `gameobject` VALUES (3998840, 180352, 1, -11864, -4704.39, 5.97752, 5.2834, 0, 0, 0.47933, -0.877634, 25, 25, 100, 1, 0, 0, 5, 10);
REPLACE INTO `gameobject` VALUES (3999024, 181257, 1, -11863.3, -4701.65, 6.32825, 2.70724, 0, 0, 0.976509, 0.215475, 25, 25, 100, 1, 0, 0, 0, 10);
REPLACE INTO `gameobject` VALUES (3998975, 181206, 1, -11861.4, -4613.02, 3.81899, 2.03185, 0, 0, 0.849969, 0.526833, 25, 25, 100, 1, 0, 0, 0, 10);
REPLACE INTO `gameobject` VALUES (3998976, 181174, 1, -11861.4, -4613.02, 3.81899, 2.03185, 0, 0, 0.849969, 0.526833, 25, 25, 100, 1, 0, 0, 0, 10);
REPLACE INTO `gameobject` VALUES (4001802, 600016, 1, -11860.1, -4758.05, 6.15487, 6.24971, 0, 0, 0.0167349, -0.99986, 25, 25, 100, 1, 0, 0, 0, 10);
REPLACE INTO `gameobject` VALUES (3998631, 181254, 1, -11857.8, -4800.34, 5.92121, 0.44537, 0, 0, 0.220849, 0.975308, 25, 25, 100, 1, 0, 0, 0, 10);
REPLACE INTO `gameobject` VALUES (3998992, 179871, 1, -11857.2, -4747.82, 6.60846, 5.91987, 0, 0, 0.180661, -0.983545, 25, 25, 100, 1, 0, 0, 3, 10);
REPLACE INTO `gameobject` VALUES (3999046, 181058, 1, -11856.2, -4794.81, 6.14313, 0.2099, 0, 0, 0.104757, 0.994498, 25, 25, 100, 1, 0, 0, 0, 10);
REPLACE INTO `gameobject` VALUES (3998678, 180352, 1, -11855.3, -4796.63, 6.04673, 3.49664, 0, 0, 0.984284, -0.176595, 25, 25, 100, 1, 0, 0, 5, 10);
REPLACE INTO `gameobject` VALUES (3998690, 36, 1, -11855, -4808.2, 6.08432, 2.81337, 0, 0, 0.986564, 0.163374, 25, 25, 100, 1, 0, 0, 0, 10);
REPLACE INTO `gameobject` VALUES (3998637, 181255, 1, -11854.9, -4803.25, 5.92167, 3.59481, 0, 0, 0.974433, -0.224676, 25, 25, 100, 1, 0, 0, 0, 10);
REPLACE INTO `gameobject` VALUES (3998638, 181255, 1, -11854.9, -4803.25, 6.4885, 3.58303, 0, 0, 0.97574, -0.218932, 25, 25, 100, 1, 0, 0, 0, 10);
REPLACE INTO `gameobject` VALUES (3998639, 181255, 1, -11854.9, -4803.25, 7.05509, 3.58303, 0, 0, 0.97574, -0.218932, 25, 25, 100, 1, 0, 0, 0, 10);
REPLACE INTO `gameobject` VALUES (3998636, 181255, 1, -11854.8, -4805.82, 6.52901, 3.90897, 0, 0, 0.92729, -0.374344, 25, 25, 100, 1, 0, 0, 0, 10);
REPLACE INTO `gameobject` VALUES (3998635, 181255, 1, -11854.8, -4805.71, 5.96216, 4.57263, 0, 0, 0.754753, -0.656009, 25, 25, 100, 1, 0, 0, 0, 10);
REPLACE INTO `gameobject` VALUES (3999047, 181448, 1, -11854.1, -4798.57, 6.00772, 0.443886, 0, 0, 0.220125, 0.975472, 25, 25, 100, 1, 0, 0, 0, 10);
REPLACE INTO `gameobject` VALUES (3998838, 180352, 1, -11854.1, -4730.16, 7.41849, 3.63799, 0, 0, 0.969357, -0.245658, 25, 25, 100, 1, 0, 0, 5, 10);
REPLACE INTO `gameobject` VALUES (3998973, 181206, 1, -11853.6, -4621.88, 4.34384, 5.82925, 0, 0, 0.225022, -0.974354, 25, 25, 100, 1, 0, 0, 0, 10);
REPLACE INTO `gameobject` VALUES (3998974, 181174, 1, -11853.6, -4621.88, 4.34384, 5.82925, 0, 0, 0.225022, -0.974354, 25, 25, 100, 1, 0, 0, 0, 10);
REPLACE INTO `gameobject` VALUES (3998677, 180352, 1, -11853.6, -4800.9, 5.92109, 3.40631, 0, 0, 0.991253, -0.131974, 25, 25, 100, 1, 0, 0, 5, 10);
REPLACE INTO `gameobject` VALUES (4001799, 181058, 1, -11852.7, -4807.28, 6.05502, 0.891608, 0, 0, 0.431183, 0.902264, 25, 25, 100, 1, 0, 0, 0, 10);
REPLACE INTO `gameobject` VALUES (3998679, 180352, 1, -11852.7, -4816.12, 10.4701, 4.02285, 0, 0, 0.904483, -0.42651, 25, 25, 100, 1, 0, 0, 5, 10);
REPLACE INTO `gameobject` VALUES (3998972, 181136, 1, -11852.6, -4612.36, 2.90928, 0.696672, 0, 0, 0.341334, 0.939942, 25, 25, 100, 1, 0, 0, 0, 10);
REPLACE INTO `gameobject` VALUES (3998978, 181174, 1, -11851.6, -4602.41, 1.71303, 0.606354, 0, 0, 0.298554, 0.954393, 25, 25, 100, 1, 0, 0, 0, 10);
REPLACE INTO `gameobject` VALUES (3998977, 181206, 1, -11851.6, -4602.41, 1.71303, 0.606354, 0, 0, 0.298554, 0.954393, 25, 25, 100, 1, 0, 0, 0, 10);
REPLACE INTO `gameobject` VALUES (3999072, 70005, 1, -11851.2, -4756.52, 6.25192, 6.13942, 0, 0, 0.0718191, -0.997418, 25, 25, 100, 1, 0, 0, 0, 10);
REPLACE INTO `gameobject` VALUES (4001805, 187078, 1, -11851.2, -4803.14, 5.9278, 3.89021, 0, 0, 0.930761, -0.365629, 25, 25, 100, 1, 0, 0, 0, 10);
REPLACE INTO `gameobject` VALUES (4001798, 149410, 1, -11851.2, -4803.14, 5.9278, 3.95601, 0, 0, 0.91823, -0.396047, 25, 25, 100, 1, 0, 0, 0, 10);
REPLACE INTO `gameobject` VALUES (3998782, 600001, 1, -11850.4, -4714.63, 6.11504, 4.89852, 0, 0, 0.638335, -0.769759, 25, 25, 100, 1, 0, 0, 0, 10);
REPLACE INTO `gameobject` VALUES (3998783, 183317, 1, -11850.4, -4714.63, 6.56277, 4.89852, 0, 0, 0.638335, -0.769759, 25, 25, 100, 1, 0, 0, 0, 10);
REPLACE INTO `gameobject` VALUES (4001794, 1900007, 1, -11850.1, -4637.38, 7.59204, 4.45867, 0, 0, 0.790888, -0.611961, 25, 25, 100, 1, 0, 0, 0, 10);
REPLACE INTO `gameobject` VALUES (3998849, 600010, 1, -11849.3, -4760.48, 6.02144, 1.3116, 0, 0, 0.609795, 0.792559, 25, 25, 100, 1, 0, 0, 0, 10);
REPLACE INTO `gameobject` VALUES (3999048, 188132, 1, -11847.4, -4743.28, 6.31294, 0.210313, 0, 0, 0.104963, 0.994476, 25, 25, 100, 1, 0, 0, 0, 10);
REPLACE INTO `gameobject` VALUES (3998781, 183322, 1, -11846.8, -4714.77, 6.57841, 4.4587, 0, 0, 0.790877, -0.611976, 25, 25, 100, 1, 0, 0, 0, 10);
REPLACE INTO `gameobject` VALUES (3998780, 600001, 1, -11846.8, -4714.77, 6.13292, 4.4587, 0, 0, 0.790877, -0.611976, 25, 25, 100, 1, 0, 0, 0, 10);
REPLACE INTO `gameobject` VALUES (4001807, 600012, 1, -11846.4, -4748.58, 6.29558, 6.27161, 0, 0, 0.00578988, -0.999983, 25, 25, 100, 1, 0, 0, 0, 10);
REPLACE INTO `gameobject` VALUES (4001806, 600011, 1, -11846.4, -4748.58, 6.29558, 6.27161, 0, 0, 0.00578988, -0.999983, 25, 25, 100, 1, 0, 0, 0, 10);
REPLACE INTO `gameobject` VALUES (3998779, 183325, 1, -11843.6, -4716.09, 6.39217, 4.21132, 0, 0, 0.860338, -0.509724, 25, 25, 100, 1, 0, 0, 0, 10);
REPLACE INTO `gameobject` VALUES (3998778, 600001, 1, -11843.6, -4716.09, 5.94639, 4.14456, 0, 0, 0.876869, -0.480729, 25, 25, 100, 1, 0, 0, 0, 10);
REPLACE INTO `gameobject` VALUES (3998980, 181174, 1, -11842.8, -4614.12, 2.73879, 5.72715, 0, 0, 0.274451, -0.961601, 25, 25, 100, 1, 0, 0, 0, 10);
REPLACE INTO `gameobject` VALUES (3998979, 181206, 1, -11842.8, -4614.12, 2.73879, 5.72715, 0, 0, 0.274451, -0.961601, 25, 25, 100, 1, 0, 0, 0, 10);
REPLACE INTO `gameobject` VALUES (3999075, 600015, 1, -11842.6, -4766.18, 6.27407, 0.751966, 0, 0, 0.367187, 0.930147, 25, 25, 100, 1, 0, 0, 0, 10);
REPLACE INTO `gameobject` VALUES (3999074, 6000015, 1, -11842.6, -4766.18, 6.27407, 0.751966, 0, 0, 0.367187, 0.930147, 25, 25, 100, 1, 0, 0, 0, 10);
REPLACE INTO `gameobject` VALUES (3998754, 187989, 1, -11841.3, -4717.75, 6.58189, 6.11974, 0, 0, 0.0816315, -0.996663, 25, 25, 100, 1, 0, 0, 0, 10);
REPLACE INTO `gameobject` VALUES (3998836, 180352, 1, -11841, -4775.67, 6.12932, 2.81726, 0, 0, 0.98688, 0.161458, 25, 25, 100, 1, 0, 0, 5, 10);
REPLACE INTO `gameobject` VALUES (3998753, 187989, 1, -11840.4, -4720.75, 6.61453, 0.684786, 0, 0, 0.335742, 0.941954, 25, 25, 100, 1, 0, 0, 0, 10);
REPLACE INTO `gameobject` VALUES (3999038, 900067, 1, -11839.4, -4770.6, 6.15086, 0.0565052, 0, 0, 0.0282488, 0.999601, 25, 25, 100, 1, 0, 0, 0, 10);
REPLACE INTO `gameobject` VALUES (3998765, 180601, 1, -11838.3, -4715.27, 6.47187, 1.77654, 0, 0, 0.775982, 0.630755, 25, 25, 100, 1, 0, 0, 0, 10);
REPLACE INTO `gameobject` VALUES (3998747, 181578, 1, -11837.2, -4718.29, 5.95132, 1.44666, 0, 0, 0.661883, 0.749607, 25, 25, 100, 1, 0, 0, 0, 10);
REPLACE INTO `gameobject` VALUES (3999076, 175491, 1, -11836.6, -4756.12, 6.23779, 3.31623, 0, 0, 0.99619, -0.0872099, 25, 25, 100, 1, 0, 0, 0, 10);
REPLACE INTO `gameobject` VALUES (3998770, 1165, 1, -11836.5, -4715.13, 6.51108, 4.5176, 0, 0, 0.772514, -0.634997, 25, 25, 100, 1, 0, 0, 0, 10);
REPLACE INTO `gameobject` VALUES (3998757, 1594, 1, -11834.7, -4716.19, 6.51717, 3.80287, 0, 0, 0.945835, -0.324647, 25, 25, 100, 1, 0, 0, 0, 10);
REPLACE INTO `gameobject` VALUES (3998751, 187989, 1, -11834.6, -4721.58, 6.62671, 2.30664, 0, 0, 0.914114, 0.405457, 25, 25, 100, 1, 0, 0, 0, 10);
REPLACE INTO `gameobject` VALUES (3998752, 187989, 1, -11833.2, -4718.76, 6.59998, 3.10774, 0, 0, 0.999857, 0.0169244, 25, 25, 100, 1, 0, 0, 0, 10);
REPLACE INTO `gameobject` VALUES (3998772, 600002, 1, -11829.9, -4718.31, 5.95015, 4.29769, 0, 0, 0.837531, -0.54639, 25, 25, 100, 1, 0, 0, 0, 10);
REPLACE INTO `gameobject` VALUES (3998773, 183327, 1, -11829.9, -4718.31, 6.39875, 4.25057, 0, 0, 0.850171, -0.526507, 25, 25, 100, 1, 0, 0, 0, 10);
REPLACE INTO `gameobject` VALUES (3998775, 183323, 1, -11827.2, -4720.11, 6.47158, 3.93249, 0, 0, 0.922823, -0.385224, 25, 25, 100, 1, 0, 0, 0, 10);
REPLACE INTO `gameobject` VALUES (3998774, 600002, 1, -11827.2, -4720.11, 6.02434, 3.94427, 0, 0, 0.920538, -0.390653, 25, 25, 100, 1, 0, 0, 0, 10);
REPLACE INTO `gameobject` VALUES (3998776, 600002, 1, -11825.4, -4722.89, 6.15259, 3.62619, 0, 0, 0.970789, -0.239934, 25, 25, 100, 1, 0, 0, 0, 10);
REPLACE INTO `gameobject` VALUES (3998777, 183326, 1, -11825.4, -4722.89, 6.60004, 3.58299, 0, 0, 0.975745, -0.218912, 25, 25, 100, 1, 0, 0, 0, 10);
REPLACE INTO `gameobject` VALUES (3998701, 180425, 1, -11813.9, -4730.38, 6.27203, 0.743781, 0, 0, 0.363377, 0.931642, 25, 25, 100, 1, 0, 0, 6, 10);
REPLACE INTO `gameobject` VALUES (3998717, 1571, 1, -11812.7, -4727.58, 6.90493, 6.27067, 0, 0, 0.00625598, -0.99998, 25, 25, 100, 1, 0, 0, 0, 10);
REPLACE INTO `gameobject` VALUES (3998718, 1571, 1, -11812.7, -4727.58, 7.24566, 0.788594, 0, 0, 0.384159, 0.923267, 25, 25, 100, 1, 0, 0, 0, 10);
REPLACE INTO `gameobject` VALUES (3998716, 1571, 1, -11812.7, -4727.58, 6.56396, 0.592244, 0, 0, 0.291813, 0.956475, 25, 25, 100, 1, 0, 0, 0, 10);
REPLACE INTO `gameobject` VALUES (3998719, 1571, 1, -11811.9, -4727.65, 6.46087, 0.651149, 0, 0, 0.319853, 0.947467, 25, 25, 100, 1, 0, 0, 0, 10);
REPLACE INTO `gameobject` VALUES (3998710, 180352, 1, -11811.1, -4724.37, 6.79843, 4.20348, 0, 0, 0.862329, -0.506348, 25, 25, 100, 1, 0, 0, 5, 10);
REPLACE INTO `gameobject` VALUES (3998704, 148498, 1, -11810.1, -4729.12, 6.03944, 4.6433, 0, 0, 0.731106, -0.682263, 25, 25, 100, 1, 0, 0, 0, 10);
REPLACE INTO `gameobject` VALUES (3999041, 176161, 1, -11809.5, -4795.84, 6.03385, 4.87915, 0, 0, 0.645758, -0.763542, 25, 25, 100, 1, 0, 0, 0, 10);
REPLACE INTO `gameobject` VALUES (3998708, 180425, 1, -11808.3, -4729.78, 5.80967, 4.5412, 0, 0, 0.764968, -0.644068, 25, 25, 100, 1, 0, 0, 6, 10);
REPLACE INTO `gameobject` VALUES (3998715, 18036, 1, -11807.4, -4732.14, 5.6896, 1.39568, 0, 0, 0.642563, 0.766233, 25, 25, 100, 1, 0, 0, 0, 10);
REPLACE INTO `gameobject` VALUES (3998705, 185167, 1, -11807.2, -4728.95, 5.56728, 4.45088, 0, 0, 0.793264, -0.608878, 25, 25, 100, 1, 0, 0, 0, 10);
REPLACE INTO `gameobject` VALUES (3998711, 142714, 1, -11807.2, -4731.5, 5.68182, 1.74911, 0, 0, 0.767257, 0.64134, 25, 25, 100, 1, 0, 0, 0, 10);
REPLACE INTO `gameobject` VALUES (3998706, 180425, 1, -11807.1, -4728.87, 6.54201, 4.76897, 0, 0, 0.686823, -0.726825, 25, 25, 100, 1, 0, 0, 6, 10);
REPLACE INTO `gameobject` VALUES (3998709, 180352, 1, -11806.9, -4730.49, 5.6443, 4.31737, 0, 0, 0.832114, -0.554604, 25, 25, 100, 1, 0, 0, 5, 10);
REPLACE INTO `gameobject` VALUES (3999080, 141981, 1, -11806, -4795.57, 8.16035, 4.40404, 0, 0, 0.807307, -0.590132, 25, 25, 100, 1, 0, 0, 0, 10);
REPLACE INTO `gameobject` VALUES (3999077, 141981, 1, -11805.8, -4794.51, 7, 2.11067, 0, 0, 0.870065, 0.492936, 25, 25, 100, 1, 0, 0, 0, 10);
REPLACE INTO `gameobject` VALUES (3998958, 900065, 1, -11805.8, -4794.51, 7, 2.11067, 0, 0, 0.870065, 0.492938, 25, 25, 100, 1, 0, 0, 0, 10);
REPLACE INTO `gameobject` VALUES (3999078, 141981, 1, -11805.8, -4794.51, 7, 2.11067, 0, 0, 0.870065, 0.492936, 25, 25, 100, 1, 0, 0, 0, 10);
REPLACE INTO `gameobject` VALUES (3998707, 180425, 1, -11805.4, -4730.67, 6.28269, 4.8907, 0, 0, 0.641338, -0.767258, 25, 25, 100, 1, 0, 0, 6, 10);
REPLACE INTO `gameobject` VALUES (3998702, 185167, 1, -11805.4, -4730.85, 5.30768, 1.27785, 0, 0, 0.596333, 0.802737, 25, 25, 100, 1, 0, 0, 0, 10);
REPLACE INTO `gameobject` VALUES (3999079, 141981, 1, -11805.1, -4795, 7.25787, 5.99054, 0, 0, 0.145802, -0.989314, 25, 25, 100, 1, 0, 0, 0, 10);
REPLACE INTO `gameobject` VALUES (4001804, 181142, 1, -11803.3, -4673.69, 75.2259, 0.436639, 0, 0, 0.216589, 0.976263, 25, 25, 100, 1, 0, 0, 0, 10);
REPLACE INTO `gameobject` VALUES (3999042, 176161, 1, -11803.1, -4792.14, 6.13669, 5.4054, 0, 0, 0.424935, -0.905224, 25, 25, 100, 1, 0, 0, 0, 10);
REPLACE INTO `gameobject` VALUES (3998812, 180253, 1, -11770.9, -4716.25, -0.0341275, 3.7047, 0, 0, 0.960624, -0.277851, 25, 25, 100, 1, 0, 0, 5, 10);
REPLACE INTO `gameobject` VALUES (3998813, 180385, 1, -11768, -4714.43, -1.82227, 0.606295, 0, 0, 0.298526, 0.954402, 25, 25, 100, 1, 0, 0, 5, 10);
REPLACE INTO `gameobject` VALUES (3998837, 180352, 1, -11767.5, -4744.35, 1.30374, 0.276492, 0, 0, 0.137806, 0.990459, 25, 25, 100, 1, 0, 0, 5, 10);
REPLACE INTO `gameobject` VALUES (3998996, 181206, 1, -11542.1, -4692.77, 3.40602, 4.12963, 0, 0, 0.880433, -0.47417, 25, 25, 100, 1, 0, 0, 0, 10);
REPLACE INTO `gameobject` VALUES (3998997, 181174, 1, -11542.1, -4692.77, 3.40602, 4.12963, 0, 0, 0.880433, -0.47417, 25, 25, 100, 1, 0, 0, 0, 10);
REPLACE INTO `gameobject` VALUES (3998999, 181174, 1, -11539.1, -4705.64, 1.89698, 5.56689, 0, 0, 0.350538, -0.936548, 25, 25, 100, 1, 0, 0, 0, 10);
REPLACE INTO `gameobject` VALUES (3998998, 181206, 1, -11539.1, -4705.64, 1.89698, 5.56689, 0, 0, 0.350538, -0.936548, 25, 25, 100, 1, 0, 0, 0, 10);
REPLACE INTO `gameobject` VALUES (3999002, 181206, 1, -11527.6, -4689.99, 5.10051, 2.63736, 0, 0, 0.968386, 0.249455, 25, 25, 100, 1, 0, 0, 0, 10);
REPLACE INTO `gameobject` VALUES (3999003, 181174, 1, -11527.6, -4689.99, 5.10051, 2.63736, 0, 0, 0.968386, 0.249455, 25, 25, 100, 1, 0, 0, 0, 10);
REPLACE INTO `gameobject` VALUES (3999000, 181206, 1, -11527.5, -4704.89, 3.17981, 0.646372, 0, 0, 0.317589, 0.948228, 25, 25, 100, 1, 0, 0, 0, 10);
REPLACE INTO `gameobject` VALUES (3999001, 181174, 1, -11527.5, -4704.89, 3.17981, 0.646372, 0, 0, 0.317589, 0.948228, 25, 25, 100, 1, 0, 0, 0, 10);
REPLACE INTO `gameobject` VALUES (3999021, 181174, 1, -11508.4, -4655.02, 3.06654, 3.9568, 0, 0, 0.918074, -0.39641, 25, 25, 100, 1, 0, 0, 0, 10);
REPLACE INTO `gameobject` VALUES (3999020, 181206, 1, -11508.4, -4655.02, 3.06654, 3.9568, 0, 0, 0.918074, -0.39641, 25, 25, 100, 1, 0, 0, 0, 10);
REPLACE INTO `gameobject` VALUES (3999014, 181206, 1, -11505, -4666.32, 4.80488, 5.51189, 0, 0, 0.376159, -0.926555, 25, 25, 100, 1, 0, 0, 0, 10);
REPLACE INTO `gameobject` VALUES (3999015, 181174, 1, -11505, -4666.32, 4.80488, 5.51189, 0, 0, 0.376159, -0.926555, 25, 25, 100, 1, 0, 0, 0, 10);
REPLACE INTO `gameobject` VALUES (3999018, 181206, 1, -11496.1, -4650.33, 5.53197, 2.19751, 0, 0, 0.890641, 0.454707, 25, 25, 100, 1, 0, 0, 0, 10);
REPLACE INTO `gameobject` VALUES (3999019, 181174, 1, -11496.1, -4650.33, 5.53197, 2.19751, 0, 0, 0.890641, 0.454707, 25, 25, 100, 1, 0, 0, 0, 10);
REPLACE INTO `gameobject` VALUES (3999017, 181174, 1, -11491.5, -4662.6, 5.67109, 0.901599, 0, 0, 0.435685, 0.900099, 25, 25, 100, 1, 0, 0, 0, 10);
REPLACE INTO `gameobject` VALUES (3999016, 181206, 1, -11491.5, -4662.6, 5.67109, 0.901599, 0, 0, 0.435685, 0.900099, 25, 25, 100, 1, 0, 0, 0, 10);
REPLACE INTO `gameobject` VALUES (3999006, 181174, 1, -11381.8, -4737.97, 5.13905, 4.52624, 0, 0, 0.769764, -0.638329, 25, 25, 100, 1, 0, 0, 0, 10);
REPLACE INTO `gameobject` VALUES (3999005, 181206, 1, -11381.8, -4737.97, 5.13905, 4.52624, 0, 0, 0.769764, -0.638329, 25, 25, 100, 1, 0, 0, 0, 10);
REPLACE INTO `gameobject` VALUES (3999011, 181206, 1, -11373.8, -4726.25, 5.19913, 2.69233, 0, 0, 0.974877, 0.222746, 25, 25, 100, 1, 0, 0, 0, 10);
REPLACE INTO `gameobject` VALUES (3999012, 181174, 1, -11373.8, -4726.25, 5.19913, 2.69233, 0, 0, 0.974877, 0.222746, 25, 25, 100, 1, 0, 0, 0, 10);
REPLACE INTO `gameobject` VALUES (3999007, 181206, 1, -11371.9, -4746.27, 5.7121, 6.00671, 0, 0, 0.137796, -0.990461, 25, 25, 100, 1, 0, 0, 0, 10);
REPLACE INTO `gameobject` VALUES (3999008, 181174, 1, -11371.9, -4746.27, 5.7121, 6.00671, 0, 0, 0.137796, -0.990461, 25, 25, 100, 1, 0, 0, 0, 10);
REPLACE INTO `gameobject` VALUES (3999010, 181174, 1, -11363.1, -4735.22, 5.13004, 1.49067, 0, 0, 0.678219, 0.73486, 25, 25, 100, 1, 0, 0, 0, 10);
REPLACE INTO `gameobject` VALUES (3999009, 181206, 1, -11363.1, -4735.22, 5.13004, 1.49067, 0, 0, 0.678219, 0.73486, 25, 25, 100, 1, 0, 0, 0, 10);
REPLACE INTO `gameobject` VALUES (3998705, 177604, 1, -11807.2, -4728.95, 5.56728, 4.45088, 0, 0, 0.793264, -0.608878, 25, 25, 100, 1, 0, 0, 0, 10);
REPLACE INTO `gameobject` VALUES (3998702, 177604, 1, -11805.4, -4730.85, 5.30768, 1.27785, 0, 0, 0.596333, 0.802737, 25, 25, 100, 1, 0, 0, 0, 10);

INSERT INTO `autobroadcast` VALUES (1000000);
INSERT INTO `autobroadcast` VALUES (1000001);

INSERT INTO `broadcast_text` VALUES (6000997, 'The Buff Machine gives you every available Buff for your specification including all available Worldbuffs for 2 hours. Of course, this is not possible on a real server, as you would most likely need an eternity for farming them and the first Buffs have already expired before you even finish collecting them...', 'The Buff Machine gives you every available Buff for your specification including all available Worldbuffs for 2 hours. Of course, this is not possible on a real server, as you would most likely need an eternity for farming them and the first Buffs have already expired before you even finish collecting them...', 0, 0, 0, 0, 0, 0, 0, 0, 0);
INSERT INTO `broadcast_text` VALUES (6000996, 'At the Competition Dummies there is a ranking NPC where you can see all DPS rankings. If you click on the name you can even see in the chat which item, talents and buffs the one had.', 'At the Competition Dummies there is a ranking NPC where you can see all DPS rankings. If you click on the name you can even see in the chat which item, talents and buffs the one had.', 0, 0, 0, 0, 0, 0, 0, 0, 0);
INSERT INTO `broadcast_text` VALUES (6000995, 'There is Arena PvP!\r\n\r\nSolo Queue:\r\n1v1, 2v2, 3v3, 5v5\r\n\r\nGroup Queue:\r\nIf you are in a group, the number of players in the group will automatically be added to the queue as a team size. So if you are 3 players in the group, you will be logged into the queue as a 3v3 team.', 'There is Arena PvP!', 0, 0, 0, 0, 0, 0, 0, 0, 0);
INSERT INTO `broadcast_text` VALUES (6000994, 'Your class NPC can set you to level 60 and has all kinds of BiS Gear templates with talents for almost all patches from WoW Classic. You can also get other items and Pets for your class there like poisons or totems. He can also reset talents or remove buffs.', 'Your class NPC can set you to level 60 and has all kinds of BiS Gear templates with talents for almost all patches from WoW Classic. You can also get other items and Pets for your class there like poisons or totems. He can also reset talents or remove buffs.', 0, 0, 0, 0, 0, 0, 0, 0, 0);
INSERT INTO `broadcast_text` VALUES (6000993, 'In your Stash Chest you can, among other things, deposit items or store your dressed armor, as well as save and learn talents and buffs.', 'In your Stash Chest you can, among other things, deposit items or store your dressed armor, as well as save and learn talents and buffs.', 0, 0, 0, 0, 0, 0, 0, 0, 0);
INSERT INTO `broadcast_text` VALUES (6000992, 'The machine next to Finkle can enchant any of your items with any enchantment in the game.', 'The machine next to Finkle can enchant any of your items with any enchantment in the game.', 0, 0, 0, 0, 0, 0, 0, 0, 0);
INSERT INTO `broadcast_text` VALUES (6000991, 'Finkle has every item that exists in the game and you can get it for free! it works like in the auction house that you already know because it makes the search and preview very easy.', 'Finkle has every item that exists in the game and you can get it for free! it works like in the auction house that you already know because it makes the search and preview very easy.', 0, 0, 0, 0, 0, 0, 0, 0, 0);
INSERT INTO `broadcast_text` VALUES (6000003, 'Choose a time mode.', 'Choose a time mode.', 0, 0, 0, 0, 0, 0, 0, 0, 0);
INSERT INTO `broadcast_text` VALUES (6000002, 'Ready for training? Then try to do your best, $n. There are different types of Fights you can choose. A normal Raid boss has 16 debuff slots. This Dummy can handle more debuffs even you can\'t see them because the Client can only show 16.', 'Ready for training? Then try to do your best, $n. There are different types of Fights you can choose. A normal Raid boss has 16 debuff slots. This Dummy can handle more debuffs even you can\'t see them because the Client can only show 16.', 0, 0, 0, 0, 0, 0, 0, 0, 0);
INSERT INTO `broadcast_text` VALUES (1000000, 'https://discord.gg/d5y9JwD', 'https://discord.gg/d5y9JwD', 0, 0, 0, 0, 0, 0, 0, 0, 0);
INSERT INTO `broadcast_text` VALUES (600245, 'I am Vaelan. What is your bidding?', 'I am Vaelan. What is your bidding?', 0, 0, 0, 0, 0, 0, 0, 0, 0);
INSERT INTO `broadcast_text` VALUES (600099, 'Welcome to UterusOne $n! What do yo need directions to? Choose and I\'ll show you where to go on the Minimap.', 'Welcome to UterusOne $n! What do yo need directions to? Choose and I\'ll show you where to go on the Minimap.', 0, 0, 0, 0, 0, 0, 0, 0, 0);
INSERT INTO `broadcast_text` VALUES (600069, 'Select a Player you want to watch in the Stormwind Arena.', NULL, 0, 0, 0, 0, 0, 0, 0, 0, 0);
INSERT INTO `broadcast_text` VALUES (600068, 'The Arena Organizer Crystal.', 'The Arena Organizer Crystal.', 0, 0, 0, 0, 0, 0, 0, 0, 0);
INSERT INTO `broadcast_text` VALUES (600044, 'Welcome back, $n! To play Arena go to "uterusone.net" and download a small Patch file. Put it in your World of Warcraft/Data folder and log back on. If you did everything right, you can see a hovering crystal near me where you can queue up for all Arenas!', 'Welcome back, $n! To play Arena go to "uterusone.net" and download a small Patch file. Put it in your World of Warcraft/Data folder and log back on. If you did everything right, you can see a hovering crystal near me where you can queue up for all Arenas!', 0, 0, 0, 0, 0, 0, 0, 0, 0);
INSERT INTO `broadcast_text` VALUES (600021, 'This will override your current Specification. Are you sure?', 'This will override your current Specification. Are you sure?', 0, 0, 0, 0, 0, 0, 0, 0, 0);
INSERT INTO `broadcast_text` VALUES (600020, 'This is your Private Stash $n. Deposit your Items here or store up to 6 Equipement sets and Talent specifications. ', 'This is your Private Stash $n. Deposit your Items here or store up to 6 Equipement sets and Talent specifications. ', 0, 0, 0, 0, 0, 0, 0, 0, 0);
INSERT INTO `broadcast_text` VALUES (600018, 'Hi $n! I\'m able to craft almost every Item exists in this World! I just need an Item entry from you.', 'Hi $n! I\'m able to craft almost every Item exists in this World! I just need an Item entry from you.', 0, 0, 0, 0, 0, 0, 0, 0, 0);
INSERT INTO `broadcast_text` VALUES (600016, 'Finkle found a way to manipulate the random properties of some items. If you wear of them you will be able to chose other stats here. ', 'Finkle found a way to manipulate the random properties of some items. If you wear of them you will be able to chose other stats here. ', 0, 0, 0, 0, 0, 0, 0, 0, 0);
INSERT INTO `broadcast_text` VALUES (600015, 'CAUTION! If you change your Level, all your equipped Items gets destroyed and Talents reseted!', 'CAUTION! If you change your Level, all your equipped Items gets destroyed and Talents reseted!', 0, 0, 0, 0, 0, 0, 0, 0, 0);
INSERT INTO `broadcast_text` VALUES (600006, 'This will replace all of your current weared Items. Are you sure?', 'This will replace all of your current weared Items. Are you sure?', 0, 0, 0, 0, 0, 0, 0, 0, 0);
INSERT INTO `broadcast_text` VALUES (600005, 'Enchanting allows you to enchant items with a wide variety of beneficial effects. Tell me wich Item do you want to enchant, $n?', 'Enchanting allows you to enchant items with a wide variety of beneficial effects. Tell me wich Item do you want to enchant, $n?', 0, 0, 0, 0, 0, 0, 0, 0, 0);
INSERT INTO `broadcast_text` VALUES (600004, 'Hey $n. Here you will find the Best Damage Dealer on this Server. Wanna be better? Ha! Try it!', 'Hey $n. Here you will find the Best Damage Dealer on this Server. Wanna be better? Ha! Try it!', 0, 0, 0, 0, 0, 0, 0, 0, 0);
INSERT INTO `broadcast_text` VALUES (600002, 'I need to buy a Mount.', 'I need to buy a Mount.', 0, 0, 0, 0, 0, 0, 0, 0, 0);
INSERT INTO `broadcast_text` VALUES (600001, 'Hello! Need a Mount?', 'Hello! Need a Mount?', 0, 0, 0, 0, 0, 0, 0, 0, 0);
INSERT INTO `broadcast_text` VALUES (600000, 'Teach me how to ride a Mount.', 'Teach me how to ride a Mount.', 0, 0, 0, 0, 0, 0, 0, 0, 0);
REPLACE INTO `broadcast_text` VALUES (600003, 'These are all pets that are available for your level, $n.', 'These are all pets that are available for your level, $n.', 0, 0, 0, 0, 0, 0, 0, 0, 0);
REPLACE INTO `broadcast_text` VALUES (600008, 'Make your choice, $C.', 'Make your choice, $C.', 0, 0, 0, 0, 0, 0, 0, 0, 0);

INSERT INTO `item_template` VALUES (900088, 0, 4, 0, 'UterusOne Jetpack Deluxe', 'Use: Blast yourself up into Air!', 34281, 6, 0, 1, 28550, 7137, 4, -1, -1, 100, 0, 0, 0, 0, 0, 0, 0, 0, 0, 1, 0, 0, 0, 0, 0, 0, 0, 0, 0, 0, 0, 0, 0, 0, 0, 0, 0, 0, 0, 0, 0, 0, 0, 0, 0, 0, 0, 0, 0, 0, 0, 0, 0, 0, 0, 0, 0, 0, 0, 0, 0, 0, 0, 0, 0, 0, 0, 20476, 0, 0, 0, -1, 0, -1, 0, 0, 0, 0, -1, 0, -1, 0, 0, 0, 0, -1, 0, -1, 0, 0, 0, 0, -1, 0, -1, 0, 0, 0, 0, 0, 0, 0, 1, 0, 0, 0, 0, 0, 7, 0, 0, 0, 0, 0, 0, 0, 0, 0, 0, 0, 0, 0, 1);
INSERT INTO `item_template` VALUES (900054, 0, 2, 5, 'Tirion\'s Legacy', '', 24919, 5, 0, 1, 1632328, 326465, 17, 2, 255, 94, 60, 0, 0, 0, 0, 0, 0, 0, 1, 0, 0, 7, 22, 0, 0, 0, 0, 0, 0, 0, 0, 0, 0, 0, 0, 0, 0, 0, 0, 0, 0, 3800, 0, 0, 255, 388, 0, 30, 51, 1, 0, 0, 0, 0, 0, 0, 0, 0, 0, 0, 0, 0, 0, 0, 0, 0, 0, 21536, 1, 0, 0, -1, 0, -1, 0, 0, 0, 3, -1, 0, -1, 20338, 1, 0, 0, -1, 0, -1, 23729, 1, 0, 0, -1, 0, -1, 21882, 1, 0, 0, 0, 0, 0, 1, 0, 0, 0, 0, 0, 1, 1, 0, 0, 120, 0, 0, 0, 0, 0, 0, 0, 0, 0, 1);
INSERT INTO `item_template` VALUES (90700, 0, 15, 0, 'Oro\'s Cooldown Reseter', 'Resets every Spell cooldown.', 30650, 5, 64, 1, 0, 0, 0, -1, -1, 1, 60, 0, 0, 0, 0, 0, 0, 0, 1, 1, 0, 0, 0, 0, 0, 0, 0, 0, 0, 0, 0, 0, 0, 0, 0, 0, 0, 0, 0, 0, 0, 0, 0, 0, 0, 0, 0, 0, 0, 0, 0, 0, 0, 0, 0, 0, 0, 0, 0, 0, 0, 0, 0, 0, 0, 0, 0, 26062, 0, 0, 0, 10000, 0, -1, 0, 0, 0, 0, -1, 0, -1, 0, 0, 0, 0, -1, 0, -1, 0, 0, 0, 0, -1, 0, -1, 0, 0, 0, 0, 0, 0, 0, 1, 0, 0, 0, 0, 0, 0, 0, 0, 0, 0, 0, 0, 0, 0, 0, 0, 0, 0, 0, 1);
INSERT INTO `item_template` VALUES (90699, 0, 15, 0, 'Oro\'s Raid Teleportation Tool', 'Teleportation every group member to your location.', 30936, 5, 64, 1, 0, 0, 0, -1, -1, 1, 60, 0, 0, 0, 0, 0, 0, 0, 1, 1, 0, 0, 0, 0, 0, 0, 0, 0, 0, 0, 0, 0, 0, 0, 0, 0, 0, 0, 0, 0, 0, 0, 0, 0, 0, 0, 0, 0, 0, 0, 0, 0, 0, 0, 0, 0, 0, 0, 0, 0, 0, 0, 0, 0, 0, 0, 0, 5001, 0, 0, 0, 60000, 0, -1, 0, 0, 0, 0, -1, 0, -1, 0, 0, 0, 0, -1, 0, -1, 0, 0, 0, 0, -1, 0, -1, 0, 0, 0, 0, 0, 0, 0, 1, 0, 0, 0, 0, 0, 0, 0, 0, 0, 0, 0, 0, 0, 0, 0, 0, 0, 0, 0, 1);
INSERT INTO `item_template` VALUES (90698, 0, 15, 0, 'Oro\'s Raid Resurrection Tool', 'Resurrect every group member within 100 yards.', 21604, 5, 64, 1, 0, 0, 0, -1, -1, 1, 60, 0, 0, 0, 0, 0, 0, 0, 1, 1, 0, 0, 0, 0, 0, 0, 0, 0, 0, 0, 0, 0, 0, 0, 0, 0, 0, 0, 0, 0, 0, 0, 0, 0, 0, 0, 0, 0, 0, 0, 0, 0, 0, 0, 0, 0, 0, 0, 0, 0, 0, 0, 0, 0, 0, 0, 0, 24173, 0, 0, 0, 60000, 0, -1, 0, 0, 0, 0, -1, 0, -1, 0, 0, 0, 0, -1, 0, -1, 0, 0, 0, 0, -1, 0, -1, 0, 0, 0, 0, 0, 0, 0, 1, 0, 0, 0, 0, 0, 0, 0, 0, 0, 0, 0, 0, 0, 0, 0, 0, 0, 0, 0, 1);
INSERT INTO `item_template` VALUES (90688, 0, 15, 0, 'UterusOne Duel Arena Transporter', 'Teleports you to the Duel Arena!', 20984, 6, 64, 1, 0, 0, 0, -1, -1, 1, 0, 0, 0, 0, 0, 0, 0, 0, 1, 1, 0, 0, 0, 0, 0, 0, 0, 0, 0, 0, 0, 0, 0, 0, 0, 0, 0, 0, 0, 0, 0, 0, 0, 0, 0, 0, 0, 0, 0, 0, 0, 0, 0, 0, 0, 0, 0, 0, 0, 0, 0, 0, 0, 0, 0, 0, 0, 7791, 0, 0, 0, 0, 0, -1, 0, 0, 0, 0, -1, 0, -1, 0, 0, 0, 0, -1, 0, -1, 0, 0, 0, 0, -1, 0, -1, 0, 0, 0, 0, 0, 0, 0, 1, 0, 0, 0, 0, 0, 0, 0, 0, 0, 0, 0, 0, 0, 0, 0, 0, 0, 0, 0, 1);
INSERT INTO `item_template` VALUES (90678, 0, 15, 0, 'UterusOne Transporter', 'Teleports you back to Uterus Island!', 34121, 6, 64, 1, 0, 0, 0, -1, -1, 1, 0, 0, 0, 0, 0, 0, 0, 0, 1, 1, 0, 0, 0, 0, 0, 0, 0, 0, 0, 0, 0, 0, 0, 0, 0, 0, 0, 0, 0, 0, 0, 0, 0, 0, 0, 0, 0, 0, 0, 0, 0, 0, 0, 0, 0, 0, 0, 0, 0, 0, 0, 0, 0, 0, 0, 0, 0, 7077, 0, 0, 0, 0, 0, -1, 0, 0, 0, 0, -1, 0, -1, 0, 0, 0, 0, -1, 0, -1, 0, 0, 0, 0, -1, 0, -1, 0, 0, 0, 0, 0, 0, 0, 1, 0, 0, 0, 0, 0, 0, 0, 0, 0, 0, 0, 0, 0, 0, 0, 0, 0, 0, 0, 1);
INSERT INTO `item_template` VALUES (40001, 0, 2, 7, 'Thunderfury, Corrupted Blade of Oroxzy', 'My Server is running on a MacMini!', 26451, 5, 0, 1, 6157040, 1231400, 13, -1, -1, 99, 60, 0, 0, 0, 0, 0, 0, 0, 0, 1, 0, 4, 150, 7, 120, 0, 0, 0, 0, 0, 0, 0, 0, 0, 0, 0, 0, 0, 0, 0, 0, 2000, 0, 0, 999, 1337, 0, 160, 300, 5, 0, 0, 0, 0, 0, 0, 0, 0, 0, 0, 0, 0, 80, 0, 0, 90, 0, 15468, 1, 0, 0, -1, 0, -1, 29317, 2, 0, 5.52, -1, 0, -1, 24328, 2, 0, 2.52, -1, 0, -1, 0, 0, 0, 0, -1, 0, -1, 0, 0, 0, 0, 0, 0, 0, 1, 0, 0, 0, 0, 0, 1, 1, 0, 0, 125, 0, 0, 0, 0, 0, 0, 0, 0, 0, 1);

INSERT INTO `playercreateinfo_item` VALUES (1, 4, 90688, 1);
INSERT INTO `playercreateinfo_item` VALUES (3, 3, 90688, 1);
INSERT INTO `playercreateinfo_item` VALUES (3, 4, 90688, 1);
INSERT INTO `playercreateinfo_item` VALUES (3, 5, 90688, 1);
INSERT INTO `playercreateinfo_item` VALUES (3, 8, 90688, 1);
INSERT INTO `playercreateinfo_item` VALUES (3, 2, 90688, 1);
INSERT INTO `playercreateinfo_item` VALUES (4, 1, 90688, 1);
INSERT INTO `playercreateinfo_item` VALUES (4, 4, 90688, 1);
INSERT INTO `playercreateinfo_item` VALUES (4, 5, 90688, 1);
INSERT INTO `playercreateinfo_item` VALUES (4, 11, 90688, 1);
INSERT INTO `playercreateinfo_item` VALUES (3, 1, 90688, 1);
INSERT INTO `playercreateinfo_item` VALUES (1, 1, 90688, 1);
INSERT INTO `playercreateinfo_item` VALUES (1, 5, 90688, 1);
INSERT INTO `playercreateinfo_item` VALUES (1, 8, 90688, 1);
INSERT INTO `playercreateinfo_item` VALUES (1, 9, 90688, 1);
INSERT INTO `playercreateinfo_item` VALUES (2, 3, 90688, 1);
INSERT INTO `playercreateinfo_item` VALUES (1, 2, 90688, 1);
INSERT INTO `playercreateinfo_item` VALUES (2, 4, 90688, 1);
INSERT INTO `playercreateinfo_item` VALUES (2, 7, 90688, 1);
INSERT INTO `playercreateinfo_item` VALUES (2, 9, 90688, 1);
INSERT INTO `playercreateinfo_item` VALUES (4, 3, 90688, 1);
INSERT INTO `playercreateinfo_item` VALUES (6, 11, 90688, 1);
INSERT INTO `playercreateinfo_item` VALUES (5, 1, 90688, 1);
INSERT INTO `playercreateinfo_item` VALUES (7, 9, 90688, 1);
INSERT INTO `playercreateinfo_item` VALUES (8, 1, 90688, 1);
INSERT INTO `playercreateinfo_item` VALUES (8, 3, 90688, 1);
INSERT INTO `playercreateinfo_item` VALUES (7, 1, 90688, 1);
INSERT INTO `playercreateinfo_item` VALUES (8, 4, 90688, 1);
INSERT INTO `playercreateinfo_item` VALUES (8, 5, 90688, 1);
INSERT INTO `playercreateinfo_item` VALUES (8, 7, 90688, 1);
INSERT INTO `playercreateinfo_item` VALUES (8, 8, 90688, 1);
INSERT INTO `playercreateinfo_item` VALUES (6, 7, 90688, 1);
INSERT INTO `playercreateinfo_item` VALUES (2, 1, 90688, 1);
INSERT INTO `playercreateinfo_item` VALUES (7, 8, 90688, 1);
INSERT INTO `playercreateinfo_item` VALUES (7, 4, 90688, 1);
INSERT INTO `playercreateinfo_item` VALUES (5, 9, 90688, 1);
INSERT INTO `playercreateinfo_item` VALUES (5, 8, 90688, 1);
INSERT INTO `playercreateinfo_item` VALUES (6, 1, 90688, 1);
INSERT INTO `playercreateinfo_item` VALUES (6, 3, 90688, 1);
INSERT INTO `playercreateinfo_item` VALUES (5, 5, 90688, 1);
INSERT INTO `playercreateinfo_item` VALUES (5, 4, 90688, 1);
INSERT INTO `playercreateinfo_item` VALUES (3, 5, 90678, 1);
INSERT INTO `playercreateinfo_item` VALUES (3, 8, 90678, 1);
INSERT INTO `playercreateinfo_item` VALUES (4, 1, 90678, 1);
INSERT INTO `playercreateinfo_item` VALUES (5, 9, 90678, 1);
INSERT INTO `playercreateinfo_item` VALUES (4, 3, 90678, 1);
INSERT INTO `playercreateinfo_item` VALUES (5, 4, 90678, 1);
INSERT INTO `playercreateinfo_item` VALUES (4, 4, 90678, 1);
INSERT INTO `playercreateinfo_item` VALUES (4, 5, 90678, 1);
INSERT INTO `playercreateinfo_item` VALUES (5, 5, 90678, 1);
INSERT INTO `playercreateinfo_item` VALUES (6, 1, 90678, 1);
INSERT INTO `playercreateinfo_item` VALUES (6, 3, 90678, 1);
INSERT INTO `playercreateinfo_item` VALUES (5, 8, 90678, 1);
INSERT INTO `playercreateinfo_item` VALUES (5, 1, 90678, 1);
INSERT INTO `playercreateinfo_item` VALUES (4, 11, 90678, 1);
INSERT INTO `playercreateinfo_item` VALUES (3, 4, 90678, 1);
INSERT INTO `playercreateinfo_item` VALUES (3, 3, 90678, 1);
INSERT INTO `playercreateinfo_item` VALUES (1, 2, 90678, 1);
INSERT INTO `playercreateinfo_item` VALUES (1, 4, 90678, 1);
INSERT INTO `playercreateinfo_item` VALUES (1, 5, 90678, 1);
INSERT INTO `playercreateinfo_item` VALUES (1, 8, 90678, 1);
INSERT INTO `playercreateinfo_item` VALUES (1, 9, 90678, 1);
INSERT INTO `playercreateinfo_item` VALUES (2, 1, 90678, 1);
INSERT INTO `playercreateinfo_item` VALUES (2, 3, 90678, 1);
INSERT INTO `playercreateinfo_item` VALUES (2, 4, 90678, 1);
INSERT INTO `playercreateinfo_item` VALUES (2, 7, 90678, 1);
INSERT INTO `playercreateinfo_item` VALUES (2, 9, 90678, 1);
INSERT INTO `playercreateinfo_item` VALUES (3, 1, 90678, 1);
INSERT INTO `playercreateinfo_item` VALUES (3, 2, 90678, 1);
INSERT INTO `playercreateinfo_item` VALUES (1, 1, 90678, 1);
INSERT INTO `playercreateinfo_item` VALUES (6, 7, 90678, 1);
INSERT INTO `playercreateinfo_item` VALUES (6, 11, 90678, 1);
INSERT INTO `playercreateinfo_item` VALUES (8, 3, 90678, 1);
INSERT INTO `playercreateinfo_item` VALUES (8, 5, 90678, 1);
INSERT INTO `playercreateinfo_item` VALUES (8, 1, 90678, 1);
INSERT INTO `playercreateinfo_item` VALUES (7, 9, 90678, 1);
INSERT INTO `playercreateinfo_item` VALUES (7, 4, 90678, 1);
INSERT INTO `playercreateinfo_item` VALUES (8, 7, 90678, 1);
INSERT INTO `playercreateinfo_item` VALUES (7, 8, 90678, 1);
INSERT INTO `playercreateinfo_item` VALUES (8, 8, 90678, 1);
INSERT INTO `playercreateinfo_item` VALUES (7, 1, 90678, 1);
INSERT INTO `playercreateinfo_item` VALUES (8, 4, 90678, 1);

INSERT INTO `npc_text` VALUES (6000997, 6000997, 0, 0, 0, 0, 0, 0, 0, 0, 0, 0, 0, 0, 0, 0, 0);
INSERT INTO `npc_text` VALUES (6000996, 6000996, 0, 0, 0, 0, 0, 0, 0, 0, 0, 0, 0, 0, 0, 0, 0);
INSERT INTO `npc_text` VALUES (6000995, 6000995, 0, 0, 0, 0, 0, 0, 0, 0, 0, 0, 0, 0, 0, 0, 0);
INSERT INTO `npc_text` VALUES (6000994, 6000994, 0, 0, 0, 0, 0, 0, 0, 0, 0, 0, 0, 0, 0, 0, 0);
INSERT INTO `npc_text` VALUES (6000993, 6000993, 0, 0, 0, 0, 0, 0, 0, 0, 0, 0, 0, 0, 0, 0, 0);
INSERT INTO `npc_text` VALUES (6000992, 6000992, 0, 0, 0, 0, 0, 0, 0, 0, 0, 0, 0, 0, 0, 0, 0);
INSERT INTO `npc_text` VALUES (6000991, 6000991, 0, 0, 0, 0, 0, 0, 0, 0, 0, 0, 0, 0, 0, 0, 0);
INSERT INTO `npc_text` VALUES (6000015, 600015, 0, 0, 0, 0, 0, 0, 0, 0, 0, 0, 0, 0, 0, 0, 0);
INSERT INTO `npc_text` VALUES (6000003, 6000003, 0, 0, 0, 0, 0, 0, 0, 0, 0, 0, 0, 0, 0, 0, 0);
INSERT INTO `npc_text` VALUES (600003, 600003, 0, 0, 0, 0, 0, 0, 0, 0, 0, 0, 0, 0, 0, 0, 0);
INSERT INTO `npc_text` VALUES (600008, 600008, 0, 0, 0, 0, 0, 0, 0, 0, 0, 0, 0, 0, 0, 0, 0);
INSERT INTO `npc_text` VALUES (6000002, 6000002, 0, 0, 0, 0, 0, 0, 0, 0, 0, 0, 0, 0, 0, 0, 0);
INSERT INTO `npc_text` VALUES (600245, 600245, 0, 0, 0, 0, 0, 0, 0, 0, 0, 0, 0, 0, 0, 0, 0);
INSERT INTO `npc_text` VALUES (600099, 600099, 0, 0, 0, 0, 0, 0, 0, 0, 0, 0, 0, 0, 0, 0, 0);
INSERT INTO `npc_text` VALUES (600069, 600069, 0, 0, 0, 0, 0, 0, 0, 0, 0, 0, 0, 0, 0, 0, 0);
INSERT INTO `npc_text` VALUES (600068, 600068, 0, 0, 0, 0, 0, 0, 0, 0, 0, 0, 0, 0, 0, 0, 0);
INSERT INTO `npc_text` VALUES (600044, 600044, 0, 0, 0, 0, 0, 0, 0, 0, 0, 0, 0, 0, 0, 0, 0);
INSERT INTO `npc_text` VALUES (600021, 600021, 0, 0, 0, 0, 0, 0, 0, 0, 0, 0, 0, 0, 0, 0, 0);
INSERT INTO `npc_text` VALUES (600020, 600020, 0, 0, 0, 0, 0, 0, 0, 0, 0, 0, 0, 0, 0, 0, 0);
INSERT INTO `npc_text` VALUES (600018, 600018, 0, 0, 0, 0, 0, 0, 0, 0, 0, 0, 0, 0, 0, 0, 0);
INSERT INTO `npc_text` VALUES (600016, 600016, 0, 0, 0, 0, 0, 0, 0, 0, 0, 0, 0, 0, 0, 0, 0);
INSERT INTO `npc_text` VALUES (600007, 600006, 0, 0, 0, 0, 0, 0, 0, 0, 0, 0, 0, 0, 0, 0, 0);
INSERT INTO `npc_text` VALUES (600005, 600005, 0, 0, 0, 0, 0, 0, 0, 0, 0, 0, 0, 0, 0, 0, 0);
INSERT INTO `npc_text` VALUES (600004, 600004, 0, 0, 0, 0, 0, 0, 0, 0, 0, 0, 0, 0, 0, 0, 0);
INSERT INTO `npc_text` VALUES (60000, 600001, 0, 0, 0, 0, 0, 0, 0, 0, 0, 0, 0, 0, 0, 0, 0);

INSERT INTO `npc_vendor` VALUES (600025, 10725, 0, 0, 0, 0);
INSERT INTO `npc_vendor` VALUES (600025, 10645, 0, 0, 0, 0);
INSERT INTO `npc_vendor` VALUES (600025, 18638, 0, 0, 0, 0);
INSERT INTO `npc_vendor` VALUES (600025, 18639, 0, 0, 0, 0);
INSERT INTO `npc_vendor` VALUES (600025, 11905, 0, 0, 0, 0);
INSERT INTO `npc_vendor` VALUES (600025, 1404, 0, 0, 0, 0);
INSERT INTO `npc_vendor` VALUES (600025, 7506, 0, 0, 0, 0);
INSERT INTO `npc_vendor` VALUES (600025, 7734, 0, 0, 0, 0);
INSERT INTO `npc_vendor` VALUES (600025, 13382, 0, 0, 0, 0);
INSERT INTO `npc_vendor` VALUES (600025, 17744, 0, 0, 0, 0);
INSERT INTO `npc_vendor` VALUES (600025, 7936, 0, 0, 0, 0);
INSERT INTO `npc_vendor` VALUES (600025, 7391, 0, 0, 0, 0);
INSERT INTO `npc_vendor` VALUES (600025, 10518, 0, 0, 0, 0);
INSERT INTO `npc_vendor` VALUES (600025, 10501, 0, 0, 0, 0);
INSERT INTO `npc_vendor` VALUES (600025, 19141, 0, 0, 0, 0);
INSERT INTO `npc_vendor` VALUES (600025, 18634, 0, 0, 0, 0);
INSERT INTO `npc_vendor` VALUES (600025, 5079, 0, 0, 0, 0);
INSERT INTO `npc_vendor` VALUES (600025, 4328, 0, 0, 0, 0);
INSERT INTO `npc_vendor` VALUES (600025, 13213, 0, 0, 0, 0);
INSERT INTO `npc_vendor` VALUES (600025, 10724, 0, 0, 0, 0);
INSERT INTO `npc_vendor` VALUES (600025, 7189, 0, 0, 0, 0);
INSERT INTO `npc_vendor` VALUES (600025, 10588, 0, 0, 0, 0);
INSERT INTO `npc_vendor` VALUES (600025, 10721, 0, 0, 0, 0);
INSERT INTO `npc_vendor` VALUES (600025, 10726, 0, 0, 0, 0);
INSERT INTO `npc_vendor` VALUES (600025, 4397, 0, 0, 0, 0);
INSERT INTO `npc_vendor` VALUES (600025, 10720, 0, 0, 0, 0);
INSERT INTO `npc_vendor` VALUES (600025, 10716, 0, 0, 0, 0);
INSERT INTO `npc_vendor` VALUES (600025, 4984, 0, 0, 0, 0);
INSERT INTO `npc_vendor` VALUES (600025, 14022, 0, 0, 0, 0);
INSERT INTO `npc_vendor` VALUES (600025, 13515, 0, 0, 0, 0);
INSERT INTO `npc_vendor` VALUES (600025, 10577, 0, 0, 0, 0);
INSERT INTO `npc_vendor` VALUES (600025, 16768, 0, 0, 0, 0);
INSERT INTO `npc_vendor` VALUES (600025, 16022, 0, 0, 0, 0);
INSERT INTO `npc_vendor` VALUES (600025, 10576, 0, 0, 0, 0);
INSERT INTO `npc_vendor` VALUES (600025, 4396, 0, 0, 0, 0);
INSERT INTO `npc_vendor` VALUES (600024, 13444, 0, 0, 0, 0);
INSERT INTO `npc_vendor` VALUES (600024, 2091, 0, 0, 0, 0);
INSERT INTO `npc_vendor` VALUES (600024, 13509, 0, 0, 0, 0);
INSERT INTO `npc_vendor` VALUES (600024, 15993, 0, 0, 0, 0);
INSERT INTO `npc_vendor` VALUES (600024, 835, 0, 0, 0, 0);
INSERT INTO `npc_vendor` VALUES (600024, 3828, 0, 0, 0, 0);
INSERT INTO `npc_vendor` VALUES (600024, 9172, 0, 0, 0, 0);
INSERT INTO `npc_vendor` VALUES (600024, 13446, 0, 0, 0, 0);
INSERT INTO `npc_vendor` VALUES (600024, 11951, 0, 0, 0, 0);
INSERT INTO `npc_vendor` VALUES (600024, 2459, 0, 0, 0, 0);
INSERT INTO `npc_vendor` VALUES (600024, 5634, 0, 0, 0, 0);
INSERT INTO `npc_vendor` VALUES (600024, 10646, 0, 0, 0, 0);
INSERT INTO `npc_vendor` VALUES (600016, 13444, 0, 0, 0, 0);
INSERT INTO `npc_vendor` VALUES (600016, 20520, 0, 0, 0, 0);
INSERT INTO `npc_vendor` VALUES (600016, 12450, 0, 0, 0, 0);
INSERT INTO `npc_vendor` VALUES (600016, 12384, 0, 0, 0, 0);
INSERT INTO `npc_vendor` VALUES (600016, 9449, 0, 0, 0, 0);
INSERT INTO `npc_vendor` VALUES (600016, 17026, 0, 0, 0, 0);
INSERT INTO `npc_vendor` VALUES (600016, 17038, 0, 0, 0, 0);
INSERT INTO `npc_vendor` VALUES (600015, 13444, 0, 0, 0, 0);
INSERT INTO `npc_vendor` VALUES (600015, 20520, 0, 0, 0, 0);
INSERT INTO `npc_vendor` VALUES (600015, 3824, 0, 0, 0, 0);
INSERT INTO `npc_vendor` VALUES (600014, 13444, 0, 0, 0, 0);
INSERT INTO `npc_vendor` VALUES (600014, 20520, 0, 0, 0, 0);
INSERT INTO `npc_vendor` VALUES (600014, 12450, 0, 0, 0, 0);
INSERT INTO `npc_vendor` VALUES (600014, 12384, 0, 0, 0, 0);
INSERT INTO `npc_vendor` VALUES (600014, 13511, 0, 0, 0, 0);
INSERT INTO `npc_vendor` VALUES (600014, 3824, 0, 0, 0, 0);
INSERT INTO `npc_vendor` VALUES (600014, 5178, 0, 0, 0, 0);
INSERT INTO `npc_vendor` VALUES (600014, 5175, 0, 0, 0, 0);
INSERT INTO `npc_vendor` VALUES (600014, 5176, 0, 0, 0, 0);
INSERT INTO `npc_vendor` VALUES (600014, 5177, 0, 0, 0, 0);
INSERT INTO `npc_vendor` VALUES (600014, 17030, 0, 0, 0, 0);
INSERT INTO `npc_vendor` VALUES (600012, 6265, 0, 0, 0, 0);
INSERT INTO `npc_vendor` VALUES (600012, 5565, 0, 0, 0, 0);
INSERT INTO `npc_vendor` VALUES (600012, 13444, 0, 0, 0, 0);
INSERT INTO `npc_vendor` VALUES (600012, 12662, 0, 0, 0, 0);
INSERT INTO `npc_vendor` VALUES (600012, 11951, 0, 0, 0, 0);
INSERT INTO `npc_vendor` VALUES (600012, 18254, 0, 0, 0, 0);
INSERT INTO `npc_vendor` VALUES (600012, 20520, 0, 0, 0, 0);
INSERT INTO `npc_vendor` VALUES (600012, 3824, 0, 0, 0, 0);
INSERT INTO `npc_vendor` VALUES (600011, 13446, 0, 0, 0, 0);
INSERT INTO `npc_vendor` VALUES (600011, 12384, 0, 0, 0, 0);
INSERT INTO `npc_vendor` VALUES (600011, 13442, 0, 0, 0, 0);
INSERT INTO `npc_vendor` VALUES (600011, 12450, 0, 0, 0, 0);
INSERT INTO `npc_vendor` VALUES (600011, 6657, 0, 0, 0, 0);
INSERT INTO `npc_vendor` VALUES (600010, 21177, 0, 0, 0, 0);
INSERT INTO `npc_vendor` VALUES (600010, 13444, 0, 0, 0, 0);
INSERT INTO `npc_vendor` VALUES (600010, 20520, 0, 0, 0, 0);
INSERT INTO `npc_vendor` VALUES (600010, 17033, 0, 0, 0, 0);
INSERT INTO `npc_vendor` VALUES (600006, 5530, 0, 0, 0, 0);
INSERT INTO `npc_vendor` VALUES (600006, 5140, 0, 0, 0, 0);
INSERT INTO `npc_vendor` VALUES (600006, 8928, 0, 0, 0, 0);
INSERT INTO `npc_vendor` VALUES (600006, 20844, 0, 0, 0, 0);
INSERT INTO `npc_vendor` VALUES (600006, 10922, 0, 0, 0, 0);
INSERT INTO `npc_vendor` VALUES (600006, 9186, 0, 0, 0, 0);
INSERT INTO `npc_vendor` VALUES (600006, 3776, 0, 0, 0, 0);
INSERT INTO `npc_vendor` VALUES (600006, 5060, 0, 0, 0, 0);
INSERT INTO `npc_vendor` VALUES (600006, 7676, 0, 0, 0, 0);
INSERT INTO `npc_vendor` VALUES (600006, 12450, 0, 0, 0, 0);
INSERT INTO `npc_vendor` VALUES (600006, 12384, 0, 0, 0, 0);
INSERT INTO `npc_vendor` VALUES (600003, 20748, 0, 0, 0, 0);
INSERT INTO `npc_vendor` VALUES (600003, 13444, 0, 0, 0, 0);
INSERT INTO `npc_vendor` VALUES (600003, 20520, 0, 0, 0, 0);
INSERT INTO `npc_vendor` VALUES (600003, 3387, 0, 0, 0, 0);
INSERT INTO `npc_vendor` VALUES (600003, 8008, 0, 0, 0, 0);
INSERT INTO `npc_vendor` VALUES (600003, 17020, 0, 0, 0, 0);
INSERT INTO `npc_vendor` VALUES (600003, 17056, 0, 0, 0, 0);
INSERT INTO `npc_vendor` VALUES (600003, 17031, 0, 0, 0, 0);
INSERT INTO `npc_vendor` VALUES (600003, 17032, 0, 0, 0, 0);
INSERT INTO `npc_vendor` VALUES (600003, 20749, 0, 0, 0, 0);
INSERT INTO `npc_vendor` VALUES (600003, 23123, 0, 0, 0, 0);
INSERT INTO `npc_vendor` VALUES (600003, 3824, 0, 0, 0, 0);
INSERT INTO `npc_vendor` VALUES (600003, 6657, 0, 0, 0, 0);
INSERT INTO `npc_vendor` VALUES (600002, 22237, 0, 0, 0, 0);
INSERT INTO `npc_vendor` VALUES (600002, 22239, 0, 0, 0, 0);
INSERT INTO `npc_vendor` VALUES (600002, 22236, 0, 0, 0, 0);
INSERT INTO `npc_vendor` VALUES (600002, 22238, 0, 0, 0, 0);
INSERT INTO `npc_vendor` VALUES (600002, 18232, 0, 0, 0, 0);
INSERT INTO `npc_vendor` VALUES (600002, 10305, 0, 0, 0, 0);
INSERT INTO `npc_vendor` VALUES (600002, 18045, 0, 0, 0, 0);
INSERT INTO `npc_vendor` VALUES (600002, 9088, 0, 0, 0, 0);
INSERT INTO `npc_vendor` VALUES (600002, 19013, 0, 0, 0, 0);
INSERT INTO `npc_vendor` VALUES (600002, 12820, 0, 0, 0, 0);
INSERT INTO `npc_vendor` VALUES (600002, 13452, 0, 0, 0, 0);
INSERT INTO `npc_vendor` VALUES (600002, 10308, 0, 0, 0, 0);
INSERT INTO `npc_vendor` VALUES (600002, 10310, 0, 0, 0, 0);
INSERT INTO `npc_vendor` VALUES (600002, 10309, 0, 0, 0, 0);
INSERT INTO `npc_vendor` VALUES (600002, 8412, 0, 0, 0, 0);
INSERT INTO `npc_vendor` VALUES (600002, 13928, 0, 0, 0, 0);
INSERT INTO `npc_vendor` VALUES (600002, 8956, 0, 0, 0, 0);
INSERT INTO `npc_vendor` VALUES (600002, 11566, 0, 0, 0, 0);
INSERT INTO `npc_vendor` VALUES (600002, 13180, 0, 0, 0, 0);
INSERT INTO `npc_vendor` VALUES (600002, 12460, 0, 0, 0, 0);
INSERT INTO `npc_vendor` VALUES (600002, 12451, 0, 0, 0, 0);
INSERT INTO `npc_vendor` VALUES (600002, 12450, 0, 0, 0, 0);
INSERT INTO `npc_vendor` VALUES (600002, 17029, 0, 0, 0, 0);
INSERT INTO `npc_vendor` VALUES (600002, 13454, 0, 0, 0, 0);
INSERT INTO `npc_vendor` VALUES (600002, 12217, 0, 0, 0, 0);
INSERT INTO `npc_vendor` VALUES (600002, 9264, 0, 0, 0, 0);
INSERT INTO `npc_vendor` VALUES (600002, 21546, 0, 0, 0, 0);
INSERT INTO `npc_vendor` VALUES (600002, 90688, 0, 0, 0, 0);
INSERT INTO `npc_vendor` VALUES (600002, 8529, 0, 0, 0, 0);
INSERT INTO `npc_vendor` VALUES (600002, 3824, 0, 0, 0, 0);
INSERT INTO `npc_vendor` VALUES (600002, 23123, 0, 0, 0, 0);
INSERT INTO `npc_vendor` VALUES (600002, 20749, 0, 0, 0, 0);
INSERT INTO `npc_vendor` VALUES (600002, 23122, 0, 0, 0, 0);
INSERT INTO `npc_vendor` VALUES (600002, 6657, 0, 0, 0, 0);
INSERT INTO `npc_vendor` VALUES (600002, 8079, 0, 0, 0, 0);
INSERT INTO `npc_vendor` VALUES (600002, 22895, 0, 0, 0, 0);
INSERT INTO `npc_vendor` VALUES (600002, 14530, 0, 0, 0, 0);
INSERT INTO `npc_vendor` VALUES (600002, 8827, 0, 0, 0, 0);
INSERT INTO `npc_vendor` VALUES (600002, 19996, 0, 0, 0, 0);
INSERT INTO `npc_vendor` VALUES (600002, 13512, 0, 0, 0, 0);
INSERT INTO `npc_vendor` VALUES (600002, 900088, 0, 0, 0, 0);
INSERT INTO `npc_vendor` VALUES (600002, 6043, 0, 0, 0, 0);
INSERT INTO `npc_vendor` VALUES (600002, 90678, 0, 0, 0, 0);
INSERT INTO `npc_vendor` VALUES (600002, 23327, 0, 0, 0, 0);
INSERT INTO `npc_vendor` VALUES (600002, 23435, 0, 0, 0, 0);
INSERT INTO `npc_vendor` VALUES (600002, 23326, 0, 0, 0, 0);
INSERT INTO `npc_vendor` VALUES (600002, 23211, 0, 0, 0, 0);
INSERT INTO `npc_vendor` VALUES (600002, 12384, 0, 0, 0, 0);
INSERT INTO `npc_vendor` VALUES (600001, 12654, 0, 0, 0, 0);
INSERT INTO `npc_vendor` VALUES (600001, 13377, 0, 0, 0, 0);
INSERT INTO `npc_vendor` VALUES (600001, 19319, 0, 0, 0, 0);
INSERT INTO `npc_vendor` VALUES (600001, 19320, 0, 0, 0, 0);
INSERT INTO `npc_vendor` VALUES (600001, 20424, 0, 0, 0, 0);
INSERT INTO `npc_vendor` VALUES (600001, 19996, 0, 0, 0, 0);
INSERT INTO `npc_vendor` VALUES (600001, 19696, 0, 0, 0, 0);
INSERT INTO `npc_vendor` VALUES (600001, 19994, 0, 0, 0, 0);
INSERT INTO `npc_vendor` VALUES (600001, 20031, 0, 0, 0, 0);
INSERT INTO `npc_vendor` VALUES (600001, 20520, 0, 0, 0, 0);
INSERT INTO `npc_vendor` VALUES (600001, 13444, 0, 0, 0, 0);
INSERT INTO `npc_vendor` VALUES (93467, 12382, 0, 0, 0, 0);
INSERT INTO `npc_vendor` VALUES (93467, 18249, 0, 0, 0, 0);
INSERT INTO `npc_vendor` VALUES (93467, 13704, 0, 0, 0, 0);
INSERT INTO `npc_vendor` VALUES (93467, 11000, 0, 0, 0, 0);
INSERT INTO `npc_vendor` VALUES (93467, 11140, 0, 0, 0, 0);
INSERT INTO `npc_vendor` VALUES (93467, 7146, 0, 0, 0, 0);
INSERT INTO `npc_vendor` VALUES (93467, 6893, 0, 0, 0, 0);
INSERT INTO `npc_vendor` VALUES (93467, 12344, 0, 0, 0, 0);

REPLACE INTO `game_graveyard_zone` VALUES (933, 440, 0, 0);

-- flames of eitrigg
INSERT INTO `spell_mod` (`Id`, `procChance`, `procFlags`, `procCharges`, `DurationIndex`, `Category`, `CastingTimeIndex`, `StackAmount`, `SpellIconID`, `activeIconID`, `manaCost`, `Attributes`, `AttributesEx`, `AttributesEx2`, `AttributesEx3`, `AttributesEx4`, `Custom`, `InterruptFlags`, `AuraInterruptFlags`, `ChannelInterruptFlags`, `Dispel`, `Stances`, `StancesNot`, `SpellVisual`, `ManaCostPercentage`, `StartRecoveryCategory`, `StartRecoveryTime`, `MaxAffectedTargets`, `MaxTargetLevel`, `DmgClass`, `rangeIndex`, `RecoveryTime`, `CategoryRecoveryTime`, `SpellFamilyName`, `SpellFamilyFlags`, `Mechanic`, `EquippedItemClass`, `Comment`) VALUES (19629, -1, -1, -1, 10, -1, -1, -1, -1, -1, -1, -1, -1, -1, -1, -1, 0, -1, -1, -1, -1, -1, -1, -1, -1, -1, -1, -1, -1, -1, -1, -1, -1, -1, 0, -1, -1, NULL);
INSERT INTO `spell_effect_mod` (`Id`, `EffectIndex`, `Effect`, `EffectDieSides`, `EffectBaseDice`, `EffectDicePerLevel`, `EffectRealPointsPerLevel`, `EffectBasePoints`, `EffectAmplitude`, `EffectPointsPerComboPoint`, `EffectChainTarget`, `EffectMultipleValue`, `EffectMechanic`, `EffectImplicitTargetA`, `EffectImplicitTargetB`, `EffectRadiusIndex`, `EffectApplyAuraName`, `EffectItemType`, `EffectMiscValue`, `EffectTriggerSpell`, `Comment`) VALUES (19629, 0, -1, -1, -1, -1, -1, -1, -1, -1, -1, -1, -1, -1, -1, -1, -1, -1, 176746, -1, NULL);
