-- 1. world_safe_locs_facing

    DELETE FROM `world_safe_locs_facing` WHERE `id` IN (929, 936, 939, 940, 1258, 1259, 1362, 1363);

    INSERT INTO `world_safe_locs_facing` (`id`, `orientation`) VALUES
        (929, -2.64879),
        (936, 0.492804),
        (939, -2.2602),
        (940, 0.881392),
        (1258, -1.45735),
        (1259, 1.68424),
        (1362, 3.15),
        (1363, 6.3);

-- 2. area_template

    DELETE FROM `area_template` WHERE `entry` IN (3702, 3698, 3968, 4378);

    INSERT INTO `area_template` (`entry`, `map_id`, `zone_id`, `explore_flag`, `flags`, `area_level`, `name`, `team`, `liquid_type`) VALUES
        (4378, 0, 4378, 0, 128, 60, 'Dalaran Sewers', 0, 0),
        (3968, 0, 3968, 0, 128, 60, 'Ruins of Lordaeron', 0, 0),
        (3698, 0, 3698, 0, 128, 60, 'Nagrand Arena', 0, 0),
        (3702, 0, 3702, 0, 128, 60, 'Blade\'s Edge Arena', 0, 0);

-- 3. map_template

    DELETE FROM `map_template` WHERE `entry` BETWEEN 556 AND 620 AND `map_type`=3;

    INSERT INTO `map_template` (`entry`, `patch`, `parent`, `map_type`, `linked_zone`, `player_limit`, `reset_delay`, `ghost_entrance_map`, `ghost_entrance_x`, `ghost_entrance_y`, `map_name`, `script_name`) VALUES
        (620, 0, 0, 3, 4378, 0, 0, -1, 0, 0, 'Dalaran Arena 5v5', ''),
        (619, 0, 0, 3, 4378, 0, 0, -1, 0, 0, 'Dalaran Arena 3v3', ''),
        (618, 0, 0, 3, 4378, 0, 0, -1, 0, 0, 'Dalaran Arena 2v2', ''),
        (617, 0, 0, 3, 4378, 0, 0, -1, 0, 0, 'Dalaran Arena 1v1', ''),
        (573, 0, 0, 3, 3968, 0, 0, -1, 0, 0, 'Ruins of Lordaeron 5v5', ''),
        (572, 0, 0, 3, 3968, 0, 0, -1, 0, 0, 'Ruins of Lordaeron 3v3', ''),
        (571, 0, 0, 3, 3968, 0, 0, -1, 0, 0, 'Ruins of Lordaeron 2v2', ''),
        (570, 0, 0, 3, 3968, 0, 0, -1, 0, 0, 'Ruins of Lordaeron 1v1', ''),
        (563, 0, 0, 3, 3702, 0, 0, -1, 0, 0, 'Blade\'s Edge Arena 5v5', ''),
        (562, 0, 0, 3, 3702, 0, 0, -1, 0, 0, 'Blade\'s Edge Arena 3v3', ''),
        (561, 0, 0, 3, 3702, 0, 0, -1, 0, 0, 'Blade\'s Edge Arena 2v2', ''),
        (560, 0, 0, 3, 3702, 0, 0, -1, 0, 0, 'Blade\'s Edge Arena 1v1', ''),
        (559, 0, 0, 3, 3698, 0, 0, -1, 0, 0, 'Nagrand Arena 5v5', ''),
        (558, 0, 0, 3, 3698, 0, 0, -1, 0, 0, 'Nagrand Arena 3v3', ''),
        (557, 0, 0, 3, 3698, 0, 0, -1, 0, 0, 'Nagrand Arena 2v2', ''),
        (556, 0, 0, 3, 3698, 0, 0, -1, 0, 0, 'Nagrand Arena 1v1', '');

-- 4. mangos_string

    DELETE FROM `mangos_string` WHERE `entry` IN (6000, 6001, 6661, 6662, 6663);

    INSERT INTO `mangos_string` (`entry`, `content_default`, `content_loc1`, `content_loc2`, `content_loc3`, `content_loc4`, `content_loc5`, `content_loc6`, `content_loc7`, `content_loc8`) VALUES
        (6001, '%s joined the Arena for the %s!', NULL, NULL, NULL, NULL, NULL, NULL, NULL, NULL),
        (6661, 'One minute until the Arena battle begins!', NULL, 'Le combat d’arène commence dans une minute !', 'Noch eine Minute bis der Arenakampf beginnt!', NULL, NULL, NULL, NULL, NULL),
        (6662, 'Thirty seconds until the Arena battle begins!', NULL, 'Le combat d’arène commence dans trente secondes !', 'Noch dreißig Sekunden bis der Arenakampf beginnt!', NULL, NULL, NULL, NULL, NULL),
        (6663, 'The Arena battle has begun!', NULL, 'Le combat commence !', 'Der Arenakampf hat begonnen!', NULL, NULL, NULL, NULL, NULL),
        (6000, '%u seconds until the Arena battle begins!', NULL, 'Le combat commence dans %u secondes !', 'Fünfundvierzig Sekunden bis der Arenakampf beginnt!', NULL, NULL, NULL, NULL, NULL);

-- 5. battleground_template

    DELETE FROM `battleground_template` WHERE `id` BETWEEN 4 AND 19;

    INSERT INTO `battleground_template` (`id`, `patch`, `min_players_per_team`, `max_players_per_team`, `min_level`, `max_level`, `alliance_win_spell`, `alliance_lose_spell`, `horde_win_spell`, `horde_lose_spell`, `alliance_start_location`, `horde_start_location`) VALUES
        (4, 0, 1, 1, 19, 60, 0, 0, 0, 0, 936, 929),
        (5, 0, 2, 2, 19, 60, 0, 0, 0, 0, 936, 929),
        (6, 0, 3, 3, 19, 60, 0, 0, 0, 0, 936, 929),
        (7, 0, 5, 5, 19, 60, 0, 0, 0, 0, 936, 929),
        (8, 0, 1, 1, 19, 60, 0, 0, 0, 0, 939, 940),
        (9, 0, 2, 2, 19, 60, 0, 0, 0, 0, 939, 940),
        (10, 0, 3, 3, 19, 60, 0, 0, 0, 0, 939, 940),
        (11, 0, 5, 5, 19, 60, 0, 0, 0, 0, 939, 940),
        (12, 0, 1, 1, 19, 60, 0, 0, 0, 0, 1258, 1259),
        (13, 0, 2, 2, 19, 60, 0, 0, 0, 0, 1258, 1259),
        (14, 0, 3, 3, 19, 60, 0, 0, 0, 0, 1258, 1259),
        (15, 0, 5, 5, 19, 60, 0, 0, 0, 0, 1258, 1259),
        (16, 0, 1, 1, 19, 60, 0, 0, 0, 0, 1362, 1363),
        (17, 0, 2, 2, 19, 60, 0, 0, 0, 0, 1362, 1363),
        (18, 0, 3, 3, 19, 60, 0, 0, 0, 0, 1362, 1363),
        (19, 0, 5, 5, 19, 60, 0, 0, 0, 0, 1362, 1363);

-- 6. gameobject_template

    DELETE FROM `gameobject_template` WHERE `entry` IN (184663, 184664, 185917, 185918, 183972, 183970, 183973, 183971, 183980, 183978, 183979, 183977, 192643, 192642, 194395, 191877, 191878, 187078);

    -- Shadow Sight
    INSERT INTO `gameobject_template` (`entry`, `patch`, `type`, `displayId`, `name`, `faction`, `flags`, `size`, `data0`, `data1`, `data2`, `data3`, `data4`, `data5`, `data6`, `data7`, `data8`, `data9`, `data10`, `data11`, `data12`, `data13`, `data14`, `data15`, `data16`, `data17`, `data18`, `data19`, `data20`, `data21`, `data22`, `data23`, `mingold`, `maxgold`, `script_name`) VALUES
        (184663, 0, 6, 5932, 'Shadow Sight\r\n', 0, 0, 1, 0, 0, 0, 34709, 1, 3, 0, 0, 0, 0, 0, 0, 0, 0, 0, 0, 0, 0, 0, 0, 0, 0, 0, 0, 0, 0, ''),
        (184664, 0, 6, 5932, 'Shadow Sight\r\n', 0, 0, 1, 0, 0, 0, 34709, 1, 3, 0, 0, 0, 0, 0, 0, 0, 0, 0, 0, 0, 0, 0, 0, 0, 0, 0, 0, 0, 0, ''),
        -- Doors
        (185917, 0, 0, 7390, 'Doodad_PVP_Lordaeron_Door02', 114, 36, 1, 0, 0, 0, 0, 0, 0, 0, 0, 0, 0, 0, 0, 0, 0, 0, 0, 0, 0, 0, 0, 0, 0, 0, 0, 0, 0, ''),
        (185918, 0, 0, 7390, 'Doodad_PVP_Lordaeron_Door01', 114, 36, 1, 0, 0, 0, 0, 0, 0, 0, 0, 0, 0, 0, 0, 0, 0, 0, 0, 0, 0, 0, 0, 0, 0, 0, 0, 0, 0, ''),
        (183972, 0, 0, 7033, 'Doodad_PVP_Ogre_Door_Front03', 114, 36, 1, 0, 0, 196608, 0, 0, 0, 0, 0, 0, 0, 0, 0, 0, 0, 0, 0, 0, 0, 0, 0, 0, 0, 0, 0, 0, 0, ''),
        (183970, 0, 0, 7033, 'Doodad_PVP_Ogre_Door_Front01', 114, 36, 1, 0, 0, 196608, 0, 0, 0, 0, 0, 0, 0, 0, 0, 0, 0, 0, 0, 0, 0, 0, 0, 0, 0, 0, 0, 0, 0, ''),
        (183973, 0, 0, 7033, 'Doodad_PVP_Ogre_Door_Front04', 114, 36, 1, 0, 0, 0, 0, 0, 0, 0, 0, 0, 0, 0, 0, 0, 0, 0, 0, 0, 0, 0, 0, 0, 0, 0, 0, 0, 0, ''),
        (183971, 0, 0, 7033, 'Doodad_PVP_Ogre_Door_Front02', 114, 36, 1, 0, 0, 0, 0, 0, 0, 0, 0, 0, 0, 0, 0, 0, 0, 0, 0, 0, 0, 0, 0, 0, 0, 0, 0, 0, 0, ''),
        (183980, 0, 0, 7032, 'Doodad_PVP_Orc_Door_Interior01\r\n', 114, 36, 1, 0, 0, 0, 0, 0, 0, 0, 0, 0, 0, 0, 0, 0, 0, 0, 0, 0, 0, 0, 0, 0, 0, 0, 0, 0, 0, ''),
        (183978, 0, 0, 7032, 'Doodad_PVP_Orc_Door_Interior01\r\n', 114, 36, 1, 0, 0, 0, 0, 0, 0, 0, 0, 0, 0, 0, 0, 0, 0, 0, 0, 0, 0, 0, 0, 0, 0, 0, 0, 0, 0, ''),
        (183979, 0, 0, 7031, 'Doodad_PVP_Orc_Door_Front01\r\n', 114, 36, 1, 0, 0, 0, 0, 0, 0, 0, 0, 0, 0, 0, 0, 0, 0, 0, 0, 0, 0, 0, 0, 0, 0, 0, 0, 0, 0, ''),
        (183977, 0, 0, 7031, 'Doodad_PVP_Orc_Door_Front01\r\n', 114, 36, 1, 0, 0, 0, 0, 0, 0, 0, 0, 0, 0, 0, 0, 0, 0, 0, 0, 0, 0, 0, 0, 0, 0, 0, 0, 0, 0, ''),
        (192643, 0, 0, 8308, 'Doodad_Dalaran_SewerDoor_02', 114, 36, 1.62, 0, 0, 0, 0, 0, 0, 0, 0, 0, 0, 0, 0, 0, 0, 0, 0, 0, 0, 0, 0, 0, 0, 0, 0, 0, 0, ''),
        (192642, 0, 0, 8308, 'Doodad_Dalaran_SewerDoor_01', 114, 36, 1.62, 0, 0, 0, 0, 0, 0, 0, 0, 0, 0, 0, 0, 0, 0, 0, 0, 0, 0, 0, 0, 0, 0, 0, 0, 0, 0, ''),
        -- Dalaran Sewers
        (194395, 0, 0, 8592, 'Doodad_DalaranSewer_ArenaWaterFall_Collision01', 114, 36, 1.25, 0, 0, 0, 0, 0, 0, 0, 0, 0, 0, 0, 0, 0, 0, 0, 0, 0, 0, 0, 0, 0, 0, 0, 0, 0, 0, ''),
        (191877, 0, 0, 8320, 'Doodad_DalaranSewer_ArenaWaterFall', 114, 36, 1.25, 1, 0, 0, 0, 0, 0, 0, 0, 0, 0, 0, 0, 0, 0, 0, 0, 0, 0, 0, 0, 0, 0, 0, 0, 0, 0, ''),
        (191878, 0, 0, 7972, 'Doodad_DalaranSewer01', 114, 36, 0.001, 0, 0, 8, 0, 0, 0, 0, 0, 0, 0, 0, 0, 0, 0, 0, 0, 0, 0, 0, 0, 0, 0, 0, 0, 0, 0, ''),
        -- ArenaMaster GameObject
        (187078, 0, 2, 7585, 'Arena Orb', 35, 0, 0.5, 0, 0, 0, 0, 0, 0, 0, 0, 0, 0, 0, 0, 0, 0, 0, 0, 0, 0, 0, 0, 0, 0, 0, 0, 0, 0, 'custom_gobj_arena_master');

-- 7. gameobject

    DELETE FROM `gameobject` WHERE `id` IN (184663, 184664, 185917, 185918, 183972, 183970, 183973, 183971, 183980, 183978, 183979, 183977, 192643, 192642, 194395, 191877, 191878, 187078);

    INSERT INTO `gameobject` (`guid`, `id`, `map`, `position_x`, `position_y`, `position_z`, `orientation`, `rotation0`, `rotation1`, `rotation2`, `rotation3`, `spawntimesecsmin`, `spawntimesecsmax`, `animprogress`, `state`, `spawn_flags`, `visibility_mod`, `patch_min`, `patch_max`) VALUES
        (556003, 183979, 556, 4090.06, 2858.44, 10.2363, 0.492804, 0, 0, 0, 0, 86400, 86400, 100, 1, 0, 0, 0, 10),
        (556004, 183977, 556, 4023.71, 2981.78, 10.7012, -2.64879, 0, 0, 0, 0, 86400, 86400, 100, 1, 0, 0, 0, 10),
        (556005, 183980, 556, 4081.18, 2874.83, 11.9517, 0.492804, 0, 0, 0, 0, 86400, 86400, 100, 1, 0, 0, 0, 10),
        (556006, 183978, 556, 4031.87, 2966.77, 12.0762, -2.64879, 0, 0, 0, 0, 86400, 86400, 100, 1, 0, 0, 0, 10),
        (557003, 183979, 557, 4090.06, 2858.44, 10.2363, 0.492804, 0, 0, 0, 0, 86400, 86400, 100, 1, 0, 0, 0, 10),
        (557004, 183977, 557, 4023.71, 2981.78, 10.7012, -2.64879, 0, 0, 0, 0, 86400, 86400, 100, 1, 0, 0, 0, 10),
        (557005, 183980, 557, 4081.18, 2874.83, 11.9517, 0.492804, 0, 0, 0, 0, 86400, 86400, 100, 1, 0, 0, 0, 10),
        (557006, 183978, 557, 4031.87, 2966.77, 12.0762, -2.64879, 0, 0, 0, 0, 86400, 86400, 100, 1, 0, 0, 0, 10),
        (558003, 183979, 558, 4090.06, 2858.44, 10.2363, 0.492804, 0, 0, 0, 0, 86400, 86400, 100, 1, 0, 0, 0, 10),
        (558004, 183977, 558, 4023.71, 2981.78, 10.7012, -2.64879, 0, 0, 0, 0, 86400, 86400, 100, 1, 0, 0, 0, 10),
        (558005, 183980, 558, 4081.18, 2874.83, 11.9517, 0.492804, 0, 0, 0, 0, 86400, 86400, 100, 1, 0, 0, 0, 10),
        (558006, 183978, 558, 4031.87, 2966.77, 12.0762, -2.64879, 0, 0, 0, 0, 86400, 86400, 100, 1, 0, 0, 0, 10),
        (559003, 183979, 559, 4090.06, 2858.44, 10.2363, 0.492804, 0, 0, 0, 0, 86400, 86400, 100, 1, 0, 0, 0, 10),
        (559004, 183977, 559, 4023.71, 2981.78, 10.7012, -2.64879, 0, 0, 0, 0, 86400, 86400, 100, 1, 0, 0, 0, 10),
        (559005, 183980, 559, 4081.18, 2874.83, 11.9517, 0.492804, 0, 0, 0, 0, 86400, 86400, 100, 1, 0, 0, 0, 10),
        (559006, 183978, 559, 4031.87, 2966.77, 12.0762, -2.64879, 0, 0, 0, 0, 86400, 86400, 100, 1, 0, 0, 0, 10),
        (570003, 185917, 570, 1278.65, 1730.56, 31.6056, 1.68424, 0, 0, 0, 0, 86400, 86400, 100, 1, 0, 0, 0, 10),
        (570004, 185918, 570, 1293.56, 1601.94, 31.6056, -1.45735, 0, 0, 0, 0, 86400, 86400, 100, 1, 0, 0, 0, 10),
        (571003, 185917, 571, 1278.65, 1730.56, 31.6056, 1.68424, 0, 0, 0, 0, 86400, 86400, 100, 1, 0, 0, 0, 10),
        (571004, 185918, 571, 1293.56, 1601.94, 31.6056, -1.45735, 0, 0, 0, 0, 86400, 86400, 100, 1, 0, 0, 0, 10),
        (572003, 185917, 572, 1278.65, 1730.56, 31.6056, 1.68424, 0, 0, 0, 0, 86400, 86400, 100, 1, 0, 0, 0, 10),
        (572004, 185918, 572, 1293.56, 1601.94, 31.6056, -1.45735, 0, 0, 0, 0, 86400, 86400, 100, 1, 0, 0, 0, 10),
        (573003, 185917, 573, 1278.65, 1730.56, 31.6056, 1.68424, 0, 0, 0, 0, 86400, 86400, 100, 1, 0, 0, 0, 10),
        (573004, 185918, 573, 1293.56, 1601.94, 31.6056, -1.45735, 0, 0, 0, 0, 86400, 86400, 100, 1, 0, 0, 0, 10),
        (560003, 183971, 560, 6287.28, 282.188, 5.09224, -2.2602, 0, 0, 0, 0, 86400, 86400, 100, 1, 0, 0, 0, 10),
        (560004, 183973, 560, 6189.55, 241.71, 5.01742, 0.881392, 0, 0, 0, 0, 86400, 86400, 100, 1, 0, 0, 0, 10),
        (560005, 183970, 560, 6299.12, 296.549, 4.08022, 0.881392, 0, 0, 0, 0, 86400, 86400, 100, 1, 0, 0, 0, 10),
        (560006, 183972, 560, 6177.71, 227.348, 4.14159, -2.2602, 0, 0, 0, 0, 86400, 86400, 100, 1, 0, 0, 0, 10),
        (561003, 183971, 561, 6287.28, 282.188, 5.09224, -2.2602, 0, 0, 0, 0, 86400, 86400, 100, 1, 0, 0, 0, 10),
        (561004, 183973, 561, 6189.55, 241.71, 5.01742, 0.881392, 0, 0, 0, 0, 86400, 86400, 100, 1, 0, 0, 0, 10),
        (561005, 183970, 561, 6299.12, 296.549, 4.08022, 0.881392, 0, 0, 0, 0, 86400, 86400, 100, 1, 0, 0, 0, 10),
        (561006, 183972, 561, 6177.71, 227.348, 4.14159, -2.2602, 0, 0, 0, 0, 86400, 86400, 100, 1, 0, 0, 0, 10),
        (562003, 183971, 562, 6287.28, 282.188, 5.09224, -2.2602, 0, 0, 0, 0, 86400, 86400, 100, 1, 0, 0, 0, 10),
        (562004, 183973, 562, 6189.55, 241.71, 5.01742, 0.881392, 0, 0, 0, 0, 86400, 86400, 100, 1, 0, 0, 0, 10),
        (562005, 183970, 562, 6299.12, 296.549, 4.08022, 0.881392, 0, 0, 0, 0, 86400, 86400, 100, 1, 0, 0, 0, 10),
        (562006, 183972, 562, 6177.71, 227.348, 4.14159, -2.2602, 0, 0, 0, 0, 86400, 86400, 100, 1, 0, 0, 0, 10),
        (563003, 183971, 563, 6287.28, 282.188, 5.09224, -2.2602, 0, 0, 0, 0, 86400, 86400, 100, 1, 0, 0, 0, 10),
        (563004, 183973, 563, 6189.55, 241.71, 5.01742, 0.881392, 0, 0, 0, 0, 86400, 86400, 100, 1, 0, 0, 0, 10),
        (563005, 183970, 563, 6299.12, 296.549, 4.08022, 0.881392, 0, 0, 0, 0, 86400, 86400, 100, 1, 0, 0, 0, 10),
        (563006, 183972, 563, 6177.71, 227.348, 4.14159, -2.2602, 0, 0, 0, 0, 86400, 86400, 100, 1, 0, 0, 0, 10),
        -- Dalaran
        (617007, 191878, 617, 1291.56, 790.837, 7.1, 3.14238, 0, 0, 0, 0, 86400, 86400, 100, 1, 0, 0, 0, 10),
        (617006, 191877, 617, 1291.56, 790.837, 7.1, 3.14238, 0, 0, 0, 0, 86400, 86400, 100, 1, 0, 0, 0, 10),
        (617005, 194395, 617, 1291.56, 790.837, 7.1, 3.14238, 0, 0, 0, 0, 86400, 86400, 100, 1, 0, 0, 0, 10),
        (617004, 192642, 617, 1350.72, 817.2, 21.5, 3.14159, 0, 0, 0, 0, 86400, 86400, 100, 1, 0, 0, 0, 10),
        (617003, 192643, 617, 1232.65, 764.793, 21.5, 6.28, 0, 0, 0, 0, 86400, 86400, 100, 1, 0, 0, 0, 10),
        (618007, 191878, 618, 1291.56, 790.837, 7.1, 3.14238, 0, 0, 0, 0, 86400, 86400, 100, 1, 0, 0, 0, 10),
        (618006, 191877, 618, 1291.56, 790.837, 7.1, 3.14238, 0, 0, 0, 0, 86400, 86400, 100, 1, 0, 0, 0, 10),
        (618005, 194395, 618, 1291.56, 790.837, 7.1, 3.14238, 0, 0, 0, 0, 86400, 86400, 100, 1, 0, 0, 0, 10),
        (618004, 192642, 618, 1350.72, 817.2, 21.5, 3.14159, 0, 0, 0, 0, 86400, 86400, 100, 1, 0, 0, 0, 10),
        (618003, 192643, 618, 1232.65, 764.793, 21.5, 6.28, 0, 0, 0, 0, 86400, 86400, 100, 1, 0, 0, 0, 10),
        (619007, 191878, 619, 1291.56, 790.837, 7.1, 3.14238, 0, 0, 0, 0, 86400, 86400, 100, 1, 0, 0, 0, 10),
        (619006, 191877, 619, 1291.56, 790.837, 7.1, 3.14238, 0, 0, 0, 0, 86400, 86400, 100, 1, 0, 0, 0, 10),
        (619005, 194395, 619, 1291.56, 790.837, 7.1, 3.14238, 0, 0, 0, 0, 86400, 86400, 100, 1, 0, 0, 0, 10),
        (619004, 192642, 619, 1350.72, 817.2, 21.5, 3.14159, 0, 0, 0, 0, 86400, 86400, 100, 1, 0, 0, 0, 10),
        (619003, 192643, 619, 1232.65, 764.793, 21.5, 6.28, 0, 0, 0, 0, 86400, 86400, 100, 1, 0, 0, 0, 10),
        (620007, 191878, 620, 1291.56, 790.837, 7.1, 3.14238, 0, 0, 0, 0, 86400, 86400, 100, 1, 0, 0, 0, 10),
        (620006, 191877, 620, 1291.56, 790.837, 7.1, 3.14238, 0, 0, 0, 0, 86400, 86400, 100, 1, 0, 0, 0, 10),
        (620005, 194395, 620, 1291.56, 790.837, 7.1, 3.14238, 0, 0, 0, 0, 86400, 86400, 100, 1, 0, 0, 0, 10),
        (620004, 192642, 620, 1350.72, 817.2, 21.5, 3.14159, 0, 0, 0, 0, 86400, 86400, 100, 1, 0, 0, 0, 10),
        (620003, 192643, 620, 1232.65, 764.793, 21.5, 6.28, 0, 0, 0, 0, 86400, 86400, 100, 1, 0, 0, 0, 10);

    INSERT INTO `gameobject` (`guid`, `id`, `map`, `position_x`, `position_y`, `position_z`, `orientation`, `rotation0`, `rotation1`, `rotation2`, `rotation3`, `spawntimesecsmin`, `spawntimesecsmax`, `animprogress`, `state`, `visibility_mod`, `patch_min`, `patch_max`) VALUES
        -- shadow sight BE
        (560001, 184663, 560, 6249.04, 275.324, 11.2203, -1.44862, 0, 0, -0.662619, 0.748957, 150, 150, 100, 1, 0, 0, 10),
        (560002, 184664, 560, 6228.26, 249.566, 11.2181, -0.0698117, 0, 0, -0.0348988, 0.999391, 150, 150, 100, 1, 0, 0, 10),
        (561001, 184663, 561, 6249.04, 275.324, 11.2203, -1.44862, 0, 0, -0.662619, 0.748957, 150, 150, 100, 1, 0, 0, 10),
        (561002, 184664, 561, 6228.26, 249.566, 11.2181, -0.0698117, 0, 0, -0.0348988, 0.999391, 150, 150, 100, 1, 0, 0, 10),
        (562001, 184663, 562, 6249.04, 275.324, 11.2203, -1.44862, 0, 0, -0.662619, 0.748957, 150, 150, 100, 1, 0, 0, 10),
        (562002, 184664, 562, 6228.26, 249.566, 11.2181, -0.0698117, 0, 0, -0.0348988, 0.999391, 150, 150, 100, 1, 0, 0, 10),
        (563001, 184663, 563, 6249.04, 275.324, 11.2203, -1.44862, 0, 0, -0.662619, 0.748957, 150, 150, 100, 1, 0, 0, 10),
        (563002, 184664, 563, 6228.26, 249.566, 11.2181, -0.0698117, 0, 0, -0.0348988, 0.999391, 150, 150, 100, 1, 0, 0, 10),
        -- shadow sight NA
        (556001, 184664, 556, 4103.33, 2946.35, 13.0513, -0.0698131, 0, 0, -0.996194, 0.087165, 150, 150, 100, 1, 0, 0, 10),
        (556002, 184663, 556, 4009.19, 2895.25, 13.0527, -1.44862, 0, 0, 0.942641, 0.333808, 150, 150, 100, 1, 0, 0, 10),
        (557001, 184664, 557, 4103.33, 2946.35, 13.0513, -0.0698131, 0, 0, -0.996194, 0.087165, 150, 150, 100, 1, 0, 0, 10),
        (557002, 184663, 557, 4009.19, 2895.25, 13.0527, -1.44862, 0, 0, 0.942641, 0.333808, 150, 150, 100, 1, 0, 0, 10),
        (558001, 184664, 558, 4103.33, 2946.35, 13.0513, -0.0698131, 0, 0, -0.996194, 0.087165, 150, 150, 100, 1, 0, 0, 10),
        (558002, 184663, 558, 4009.19, 2895.25, 13.0527, -1.44862, 0, 0, 0.942641, 0.333808, 150, 150, 100, 1, 0, 0, 10),
        (559001, 184664, 559, 4103.33, 2946.35, 13.0513, -0.0698131, 0, 0, -0.996194, 0.087165, 150, 150, 100, 1, 0, 0, 10),
        (559002, 184663, 559, 4009.19, 2895.25, 13.0527, -1.44862, 0, 0, 0.942641, 0.333808, 150, 150, 100, 1, 0, 0, 10),
        -- shadow sight RL
        (570001, 184663, 570, 1328.62, 1632.8, 36.2833, 0.575957, 0, 0, 0.284015, 0.95882, 150, 150, 100, 1, 0, 0, 10),
        (570002, 184664, 570, 1243.87, 1699.29, 34.8613, 0.122173, 0, 0, 0.0610485, 0.998135, 150, 150, 100, 1, 0, 0, 10),
        (571001, 184663, 571, 1328.62, 1632.8, 36.2833, 0.575957, 0, 0, 0.284015, 0.95882, 150, 150, 100, 1, 0, 0, 10),
        (571002, 184664, 571, 1243.87, 1699.29, 34.8613, 0.122173, 0, 0, 0.0610485, 0.998135, 150, 150, 100, 1, 0, 0, 10),
        (572001, 184663, 572, 1328.62, 1632.8, 36.2833, 0.575957, 0, 0, 0.284015, 0.95882, 150, 150, 100, 1, 0, 0, 10),
        (572002, 184664, 572, 1243.87, 1699.29, 34.8613, 0.122173, 0, 0, 0.0610485, 0.998135, 150, 150, 100, 1, 0, 0, 10),
        (573001, 184663, 573, 1328.62, 1632.8, 36.2833, 0.575957, 0, 0, 0.284015, 0.95882, 150, 150, 100, 1, 0, 0, 10),
        (573002, 184664, 573, 1243.87, 1699.29, 34.8613, 0.122173, 0, 0, 0.0610485, 0.998135, 150, 150, 100, 1, 0, 0, 10),
        -- shadow sight DA
        (617001, 184663, 617, 1291.7, 813.424, 7.11472, 4.64562, 0, 0, 0.730314, -0.683111, 150, 150, 100, 1, 0, 0, 10),
        (617002, 184664, 617, 1291.7, 768.911, 7.11472, 1.55194, 0, 0, 0.700409, 0.713742, 150, 150, 100, 1, 0, 0, 10),
        (618001, 184663, 618, 1291.7, 813.424, 7.11472, 4.64562, 0, 0, 0.730314, -0.683111, 150, 150, 100, 1, 0, 0, 10),
        (618002, 184664, 618, 1291.7, 768.911, 7.11472, 1.55194, 0, 0, 0.700409, 0.713742, 150, 150, 100, 1, 0, 0, 10),
        (619001, 184663, 619, 1291.7, 813.424, 7.11472, 4.64562, 0, 0, 0.730314, -0.683111, 150, 150, 100, 1, 0, 0, 10),
        (619002, 184664, 619, 1291.7, 768.911, 7.11472, 1.55194, 0, 0, 0.700409, 0.713742, 150, 150, 100, 1, 0, 0, 10),
        (620001, 184663, 620, 1291.7, 813.424, 7.11472, 4.64562, 0, 0, 0.730314, -0.683111, 150, 150, 100, 1, 0, 0, 10),
        (620002, 184664, 620, 1291.7, 768.911, 7.11472, 1.55194, 0, 0, 0.700409, 0.713742, 150, 150, 100, 1, 0, 0, 10);

-- 8. gameobject_battleground

    DELETE FROM `gameobject_battleground` WHERE `guid` BETWEEN 505560 AND 620007;

    -- Doors
    INSERT INTO `gameobject_battleground` (`guid`, `event1`, `event2`) VALUES
        (556006, 254, 0),
        (556005, 254, 0),
        (557006, 254, 0),
        (557005, 254, 0),
        (558006, 254, 0),
        (558005, 254, 0),
        (559006, 254, 0),
        (559005, 254, 0),
        (570004, 254, 0),
        (570003, 254, 0),
        (571004, 254, 0),
        (571003, 254, 0),
        (572004, 254, 0),
        (572003, 254, 0),
        (573004, 254, 0),
        (573003, 254, 0),
        (560003, 254, 0),
        (560004, 254, 0),
        (561003, 254, 0),
        (561004, 254, 0),
        (562003, 254, 0),
        (562004, 254, 0),
        (563003, 254, 0),
        (563004, 254, 0),
        (617003, 254, 0),
        (617004, 254, 0),
        (618003, 254, 0),
        (618004, 254, 0),
        (619003, 254, 0),
        (619004, 254, 0),
        (620003, 254, 0),
        (620004, 254, 0);

    -- Shadow Sight
    INSERT INTO `gameobject_battleground` (`guid`, `event1`, `event2`) VALUES
        (556001, 212, 0),
        (556002, 212, 0),
        (557001, 212, 0),
        (557002, 212, 0),
        (558001, 212, 0),
        (558002, 212, 0),
        (559001, 212, 0),
        (559002, 212, 0),
        (570001, 212, 0),
        (570002, 212, 0),
        (571001, 212, 0),
        (571002, 212, 0),
        (572001, 212, 0),
        (572002, 212, 0),
        (573001, 212, 0),
        (573002, 212, 0),
        (560002, 212, 0),
        (560001, 212, 0),
        (561002, 212, 0),
        (561001, 212, 0),
        (562002, 212, 0),
        (562001, 212, 0),
        (563002, 212, 0),
        (563001, 212, 0),
        (617002, 212, 0),
        (617001, 212, 0),
        (618002, 212, 0),
        (618001, 212, 0),
        (619002, 212, 0),
        (619001, 212, 0),
        (620002, 212, 0),
        (620001, 212, 0);

    -- Dalaran Arena
    INSERT INTO `gameobject_battleground` (`guid`, `event1`, `event2`) VALUES
        (617005, 211, 0),
        (617006, 210, 0),
        (617007, 209, 0),
        (618005, 211, 0),
        (618006, 210, 0),
        (618007, 209, 0),
        (619005, 211, 0),
        (619006, 210, 0),
        (619007, 209, 0),
        (620005, 211, 0),
        (620006, 210, 0),
        (620007, 209, 0);

-- 9. broadcast_text

    DELETE FROM `broadcast_text` WHERE `entry` IN (800101, 800100);

    INSERT INTO `broadcast_text` (`entry`, `male_text`, `female_text`, `chat_type`, `sound_id`, `language_id`, `emote_id1`, `emote_id2`, `emote_id3`, `emote_delay1`, `emote_delay2`, `emote_delay3`) VALUES (800101, 'Are you sure you want to leave this Arena?', 'Are you sure you want to leave this Arena?', 0, 0, 0, 0, 0, 0, 0, 0, 0);
    INSERT INTO `broadcast_text` (`entry`, `male_text`, `female_text`, `chat_type`, `sound_id`, `language_id`, `emote_id1`, `emote_id2`, `emote_id3`, `emote_delay1`, `emote_delay2`, `emote_delay3`) VALUES (800100, 'Tell me when you\'re ready, $n.', 'Tell me when you\'re ready, $n.', 0, 0, 0, 0, 0, 0, 0, 0, 0);

-- 10. npc_text

    DELETE FROM `npc_text` WHERE `ID` IN (800101, 800100);

    INSERT INTO `npc_text` (`ID`, `BroadcastTextID0`, `Probability0`, `BroadcastTextID1`, `Probability1`, `BroadcastTextID2`, `Probability2`, `BroadcastTextID3`, `Probability3`, `BroadcastTextID4`, `Probability4`, `BroadcastTextID5`, `Probability5`, `BroadcastTextID6`, `Probability6`, `BroadcastTextID7`, `Probability7`) VALUES (800100, 800100, 0, 0, 0, 0, 0, 0, 0, 0, 0, 0, 0, 0, 0, 0, 0);
    INSERT INTO `npc_text` (`ID`, `BroadcastTextID0`, `Probability0`, `BroadcastTextID1`, `Probability1`, `BroadcastTextID2`, `Probability2`, `BroadcastTextID3`, `Probability3`, `BroadcastTextID4`, `Probability4`, `BroadcastTextID5`, `Probability5`, `BroadcastTextID6`, `Probability6`, `BroadcastTextID7`, `Probability7`) VALUES (800101, 800101, 0, 0, 0, 0, 0, 0, 0, 0, 0, 0, 0, 0, 0, 0, 0);

-- 11. creature_template

    DELETE FROM `creature_template` WHERE `entry` IN (19922, 28567, 800100);

    INSERT INTO `creature_template` (`entry`, `patch`, `display_id1`, `display_id2`, `display_id3`, `display_id4`, `display_scale1`, `display_scale2`, `display_scale3`, `display_scale4`, `display_probability1`, `display_probability2`, `display_probability3`, `display_probability4`, `display_total_probability`, `mount_display_id`, `name`, `subname`, `gossip_menu_id`, `level_min`, `level_max`, `faction`, `npc_flags`, `speed_walk`, `speed_run`, `detection_range`, `call_for_help_range`, `leash_range`, `rank`, `xp_multiplier`, `health_multiplier`, `mana_multiplier`, `armor_multiplier`, `damage_multiplier`, `damage_variance`, `damage_school`, `base_attack_time`, `ranged_attack_time`, `holy_res`, `fire_res`, `nature_res`, `frost_res`, `shadow_res`, `arcane_res`, `unit_class`, `unit_flags`, `pet_family`, `trainer_type`, `trainer_spell`, `trainer_class`, `trainer_race`, `type`, `type_flags`, `loot_id`, `pickpocket_loot_id`, `skinning_loot_id`, `gold_min`, `gold_max`, `spell_id1`, `spell_id2`, `spell_id3`, `spell_id4`, `spell_list_id`, `pet_spell_list_id`, `spawn_spell_id`, `auras`, `ai_name`, `movement_type`, `inhabit_type`, `civilian`, `racial_leader`, `regeneration`, `equipment_id`, `trainer_id`, `vendor_id`, `mechanic_immune_mask`, `school_immune_mask`, `flags_extra`, `script_name`) VALUES
        (19922, 0, 11686, 0, 0, 0, 0, 0, 0, 0, 1, 0, 0, 0, 1, 0, 'Tornado', NULL, 0, 60, 60, 35, 0, 1.1, 1.14286, 18, 5, 0, 0, 1, 1, 1, 1, 1, 0.14, 0, 2000, 2000, 0, 0, 0, 0, 0, 0, 1, 33554432, 0, 0, 0, 0, 0, 4, 0, 0, 0, 0, 0, 0, 0, 0, 0, 0, 0, 0, 0, NULL, '', 0, 1, 0, 0, 3, 0, 0, 0, 16384, 0, 2050, 'custom_npc_nagrand_tornado'),
        (28567, 0, 11686, 0, 0, 0, 1, 0, 0, 0, 0, 0, 0, 0, 0, 0, 'Water Spout', '', 0, 1, 1, 35, 0, 0.91, 1.14286, 20, 5, 0, 0, 1, 1, 1, 1, 1, 0.14, 0, 2000, 2200, 0, 0, 0, 0, 0, 0, 1, 33554432, 0, 0, 0, 0, 0, 10, 0, 0, 0, 0, 0, 0, 0, 0, 0, 0, 0, 0, 0, NULL, '', 0, 3, 0, 0, 3, 0, 0, 0, 0, 0, 2, ''),
        (800100, 0, 20856, 21153, 0, 0, 1.35, 0, 0, 0, 0, 0, 0, 0, 0, 0, 'Arena Watcher', NULL, 0, 60, 60, 35, 1, 1, 1.14286, 20, 5, 0, 0, 1, 1, 1, 1, 1, 0.14, 0, 2000, 2000, 0, 0, 0, 0, 0, 0, 1, 0, 0, 0, 0, 0, 0, 7, 0, 0, 0, 0, 25, 38, 0, 0, 0, 0, 0, 0, 0, NULL, '', 0, 3, 0, 0, 3, 0, 0, 0, 0, 0, 0, 'custom_npc_arena_watcher');

-- 12. creature_equip_template

    DELETE FROM `creature_equip_template` WHERE `entry` IN (800100);

    INSERT INTO `creature_equip_template` (`entry`, `patch`, `equipentry1`, `equipentry2`, `equipentry3`) VALUES (800100, 0, 0, 12861, 0);

-- 13. creature

    DELETE FROM `creature` WHERE `id` IN (28567, 800100);

    INSERT INTO `creature` (`guid`, `id`, `id2`, `id3`, `id4`, `map`, `position_x`, `position_y`, `position_z`, `orientation`, `spawntimesecsmin`, `spawntimesecsmax`, `wander_distance`, `health_percent`, `mana_percent`, `movement_type`, `spawn_flags`, `visibility_mod`, `patch_min`, `patch_max`) VALUES
        (617001, 28567, 0, 0, 0, 617, 1199.36, 764.668, 14.341, 6.3, 25, 25, 0, 100, 100, 0, 0, 0, 0, 10),
        (617002, 28567, 0, 0, 0, 617, 1383.99, 817.232, 14.3092, 3.18065, 25, 25, 0, 100, 100, 0, 0, 0, 0, 10),
        (617003, 28567, 0, 0, 0, 617, 1214.01, 764.741, 14.6492, 6.3, 25, 25, 0, 100, 100, 0, 0, 0, 0, 10),
        (617004, 28567, 0, 0, 0, 617, 1369.47, 817.235, 14.6357, 3.18065, 25, 25, 0, 100, 100, 0, 0, 0, 0, 10),
        (617005, 28567, 0, 0, 0, 617, 1291.56, 790.837, 7.1, 3.05433, 25, 25, 0, 100, 100, 0, 0, 0, 0, 10),
        (618001, 28567, 0, 0, 0, 618, 1199.36, 764.668, 14.341, 6.3, 25, 25, 0, 100, 100, 0, 0, 0, 0, 10),
        (618002, 28567, 0, 0, 0, 618, 1383.99, 817.232, 14.3092, 3.18065, 25, 25, 0, 100, 100, 0, 0, 0, 0, 10),
        (618003, 28567, 0, 0, 0, 618, 1214.01, 764.741, 14.6492, 6.3, 25, 25, 0, 100, 100, 0, 0, 0, 0, 10),
        (618004, 28567, 0, 0, 0, 618, 1369.47, 817.235, 14.6357, 3.18065, 25, 25, 0, 100, 100, 0, 0, 0, 0, 10),
        (618005, 28567, 0, 0, 0, 618, 1291.56, 790.837, 7.1, 3.05433, 25, 25, 0, 100, 100, 0, 0, 0, 0, 10),
        (619001, 28567, 0, 0, 0, 619, 1199.36, 764.668, 14.341, 6.3, 25, 25, 0, 100, 100, 0, 0, 0, 0, 10),
        (619002, 28567, 0, 0, 0, 619, 1383.99, 817.232, 14.3092, 3.18065, 25, 25, 0, 100, 100, 0, 0, 0, 0, 10),
        (619003, 28567, 0, 0, 0, 619, 1214.01, 764.741, 14.6492, 6.3, 25, 25, 0, 100, 100, 0, 0, 0, 0, 10),
        (619004, 28567, 0, 0, 0, 619, 1369.47, 817.235, 14.6357, 3.18065, 25, 25, 0, 100, 100, 0, 0, 0, 0, 10),
        (619005, 28567, 0, 0, 0, 619, 1291.56, 790.837, 7.1, 3.05433, 25, 25, 0, 100, 100, 0, 0, 0, 0, 10),
        (620001, 28567, 0, 0, 0, 620, 1199.36, 764.668, 14.341, 6.3, 25, 25, 0, 100, 100, 0, 0, 0, 0, 10),
        (620002, 28567, 0, 0, 0, 620, 1383.99, 817.232, 14.3092, 3.18065, 25, 25, 0, 100, 100, 0, 0, 0, 0, 10),
        (620003, 28567, 0, 0, 0, 620, 1214.01, 764.741, 14.6492, 6.3, 25, 25, 0, 100, 100, 0, 0, 0, 0, 10),
        (620004, 28567, 0, 0, 0, 620, 1369.47, 817.235, 14.6357, 3.18065, 25, 25, 0, 100, 100, 0, 0, 0, 0, 10),
        (620005, 28567, 0, 0, 0, 620, 1291.56, 790.837, 7.1, 3.05433, 25, 25, 0, 100, 100, 0, 0, 0, 0, 10),
        -- Arena Watcher Npc
        (556001, 800100, 0, 0, 0, 556, 4024.05, 2966.65, 12.1828, 1.49508, 25, 25, 0, 100, 100, 0, 0, 0, 0, 10),
        (556002, 800100, 0, 0, 0, 556, 4088.8, 2875.16, 12.1775, 4.47959, 25, 25, 0, 100, 100, 0, 0, 0, 0, 10),
        (557001, 800100, 0, 0, 0, 557, 4024.05, 2966.65, 12.1828, 1.49508, 25, 25, 0, 100, 100, 0, 0, 0, 0, 10),
        (557002, 800100, 0, 0, 0, 557, 4088.8, 2875.16, 12.1775, 4.47959, 25, 25, 0, 100, 100, 0, 0, 0, 0, 10),
        (558001, 800100, 0, 0, 0, 558, 4024.05, 2966.65, 12.1828, 1.49508, 25, 25, 0, 100, 100, 0, 0, 0, 0, 10),
        (558002, 800100, 0, 0, 0, 558, 4088.8, 2875.16, 12.1775, 4.47959, 25, 25, 0, 100, 100, 0, 0, 0, 0, 10),
        (559001, 800100, 0, 0, 0, 559, 4024.05, 2966.65, 12.1828, 1.49508, 25, 25, 0, 100, 100, 0, 0, 0, 0, 10),
        (559002, 800100, 0, 0, 0, 559, 4088.8, 2875.16, 12.1775, 4.47959, 25, 25, 0, 100, 100, 0, 0, 0, 0, 10),
        (560001, 800100, 0, 0, 0, 560, 6188.68, 235.041, 5.31481, 3.09229, 25, 25, 0, 100, 100, 0, 0, 0, 0, 10),
        (560002, 800100, 0, 0, 0, 560, 6293.21, 283.117, 5.4507, 1.3796, 25, 25, 0, 100, 100, 0, 0, 0, 0, 10),
        (561001, 800100, 0, 0, 0, 561, 6188.68, 235.041, 5.31481, 3.09229, 25, 25, 0, 100, 100, 0, 0, 0, 0, 10),
        (561002, 800100, 0, 0, 0, 561, 6293.21, 283.117, 5.4507, 1.3796, 25, 25, 0, 100, 100, 0, 0, 0, 0, 10),
        (562001, 800100, 0, 0, 0, 562, 6188.68, 235.041, 5.31481, 3.09229, 25, 25, 0, 100, 100, 0, 0, 0, 0, 10),
        (562002, 800100, 0, 0, 0, 562, 6293.21, 283.117, 5.4507, 1.3796, 25, 25, 0, 100, 100, 0, 0, 0, 0, 10),
        (563001, 800100, 0, 0, 0, 563, 6188.68, 235.041, 5.31481, 3.09229, 25, 25, 0, 100, 100, 0, 0, 0, 0, 10),
        (563002, 800100, 0, 0, 0, 563, 6293.21, 283.117, 5.4507, 1.3796, 25, 25, 0, 100, 100, 0, 0, 0, 0, 10),
        (570001, 800100, 0, 0, 0, 570, 1287.7, 1596.15, 31.6027, 5.5603, 25, 25, 0, 100, 100, 0, 0, 0, 0, 10),
        (570002, 800100, 0, 0, 0, 570, 1284.56, 1736.07, 31.6027, 2.53375, 25, 25, 0, 100, 100, 0, 0, 0, 0, 10),
        (571001, 800100, 0, 0, 0, 571, 1287.7, 1596.15, 31.6027, 5.5603, 25, 25, 0, 100, 100, 0, 0, 0, 0, 10),
        (571002, 800100, 0, 0, 0, 571, 1284.56, 1736.07, 31.6027, 2.53375, 25, 25, 0, 100, 100, 0, 0, 0, 0, 10),
        (572001, 800100, 0, 0, 0, 572, 1287.7, 1596.15, 31.6027, 5.5603, 25, 25, 0, 100, 100, 0, 0, 0, 0, 10),
        (572002, 800100, 0, 0, 0, 572, 1284.56, 1736.07, 31.6027, 2.53375, 25, 25, 0, 100, 100, 0, 0, 0, 0, 10),
        (573001, 800100, 0, 0, 0, 573, 1287.7, 1596.15, 31.6027, 5.5603, 25, 25, 0, 100, 100, 0, 0, 0, 0, 10),
        (573002, 800100, 0, 0, 0, 573, 1284.56, 1736.07, 31.6027, 2.53375, 25, 25, 0, 100, 100, 0, 0, 0, 0, 10),
        (617011, 800100, 0, 0, 0, 617, 1231.83, 764.852, 14.8157, 3.11917, 25, 25, 0, 100, 100, 0, 0, 0, 0, 10),
        (617012, 800100, 0, 0, 0, 617, 1351.77, 817.244, 14.8181, 0.0572624, 25, 25, 0, 100, 100, 0, 0, 0, 0, 10),
        (618011, 800100, 0, 0, 0, 618, 1231.83, 764.852, 14.8157, 3.11917, 25, 25, 0, 100, 100, 0, 0, 0, 0, 10),
        (618012, 800100, 0, 0, 0, 618, 1351.77, 817.244, 14.8181, 0.0572624, 25, 25, 0, 100, 100, 0, 0, 0, 0, 10),
        (619011, 800100, 0, 0, 0, 619, 1231.83, 764.852, 14.8157, 3.11917, 25, 25, 0, 100, 100, 0, 0, 0, 0, 10),
        (619012, 800100, 0, 0, 0, 619, 1351.77, 817.244, 14.8181, 0.0572624, 25, 25, 0, 100, 100, 0, 0, 0, 0, 10),
        (620011, 800100, 0, 0, 0, 620, 1231.83, 764.852, 14.8157, 3.11917, 25, 25, 0, 100, 100, 0, 0, 0, 0, 10),
        (620012, 800100, 0, 0, 0, 620, 1351.77, 817.244, 14.8181, 0.0572624, 25, 25, 0, 100, 100, 0, 0, 0, 0, 10);

-- 14. creature_battleground

    DELETE FROM `creature_battleground` WHERE `guid` BETWEEN 556001 AND 620012;

    INSERT INTO `creature_battleground` (`guid`, `event1`, `event2`) VALUES
        (617001, 204, 0),
        (617002, 203, 0),
        (617005, 202, 0),
        (617004, 201, 0),
        (617003, 200, 0),
        (618001, 204, 0),
        (618002, 203, 0),
        (618005, 202, 0),
        (618004, 201, 0),
        (618003, 200, 0),
        (619001, 204, 0),
        (619002, 203, 0),
        (619005, 202, 0),
        (619004, 201, 0),
        (619003, 200, 0),
        (620001, 204, 0),
        (620002, 203, 0),
        (620005, 202, 0),
        (620004, 201, 0),
        (620003, 200, 0),
        -- Arena Watcher Npc
        (556001, 214, 0),
        (556002, 215, 0),
        (557001, 214, 0),
        (557002, 215, 0),
        (558001, 214, 0),
        (558002, 215, 0),
        (559001, 214, 0),
        (559002, 215, 0),
        (560001, 214, 0),
        (560002, 215, 0),
        (561001, 214, 0),
        (561002, 215, 0),
        (562001, 214, 0),
        (562002, 215, 0),
        (563001, 214, 0),
        (563002, 215, 0),
        (570001, 214, 0),
        (570002, 215, 0),
        (571001, 214, 0),
        (571002, 215, 0),
        (572001, 214, 0),
        (572002, 215, 0),
        (573001, 214, 0),
        (573002, 215, 0),
        (617011, 214, 0),
        (617012, 215, 0),
        (618011, 214, 0),
        (618012, 215, 0),
        (619011, 214, 0),
        (619012, 215, 0),
        (620011, 214, 0),
        (620012, 215, 0);

-- 15. battleground_events

    DELETE FROM `battleground_events` WHERE `map` BETWEEN 556 AND 620;

    INSERT INTO `battleground_events` (`map`, `event1`, `event2`, `description`) VALUES
    (556, 254, 0, 'Doors'),
    (557, 254, 0, 'Doors'),
    (558, 254, 0, 'Doors'),
    (559, 254, 0, 'Doors'),
    (560, 254, 0, 'Doors'),
    (561, 254, 0, 'Doors'),
    (562, 254, 0, 'Doors'),
    (563, 254, 0, 'Doors'),
    (570, 254, 0, 'Doors'),
    (571, 254, 0, 'Doors'),
    (572, 254, 0, 'Doors'),
    (573, 254, 0, 'Doors'),
    (617, 254, 0, 'Doors'),
    (618, 254, 0, 'Doors'),
    (619, 254, 0, 'Doors'),
    (620, 254, 0, 'Doors'),
    (556, 212, 0, 'Shadow Sight'),
    (557, 212, 0, 'Shadow Sight'),
    (558, 212, 0, 'Shadow Sight'),
    (559, 212, 0, 'Shadow Sight'),
    (560, 212, 0, 'Shadow Sight'),
    (561, 212, 0, 'Shadow Sight'),
    (562, 212, 0, 'Shadow Sight'),
    (563, 212, 0, 'Shadow Sight'),
    (570, 212, 0, 'Shadow Sight'),
    (571, 212, 0, 'Shadow Sight'),
    (572, 212, 0, 'Shadow Sight'),
    (573, 212, 0, 'Shadow Sight'),
    (617, 212, 0, 'Shadow Sight'),
    (618, 212, 0, 'Shadow Sight'),
    (619, 212, 0, 'Shadow Sight'),
    (620, 212, 0, 'Shadow Sight');

    -- Arena Watcher NPC
    INSERT INTO `battleground_events` (`map`, `event1`, `event2`, `description`) VALUES
        (556, 214, 0, 'NPC Arena Watcher 1'),
        (556, 215, 0, 'NPC Arena Watcher 2'),
        (557, 214, 0, 'NPC Arena Watcher 1'),
        (557, 215, 0, 'NPC Arena Watcher 2'),
        (558, 214, 0, 'NPC Arena Watcher 1'),
        (558, 215, 0, 'NPC Arena Watcher 2'),
        (559, 214, 0, 'NPC Arena Watcher 1'),
        (559, 215, 0, 'NPC Arena Watcher 2'),
        (560, 214, 0, 'NPC Arena Watcher 1'),
        (560, 215, 0, 'NPC Arena Watcher 2'),
        (561, 214, 0, 'NPC Arena Watcher 1'),
        (561, 215, 0, 'NPC Arena Watcher 2'),
        (562, 214, 0, 'NPC Arena Watcher 1'),
        (562, 215, 0, 'NPC Arena Watcher 2'),
        (563, 214, 0, 'NPC Arena Watcher 1'),
        (563, 215, 0, 'NPC Arena Watcher 2'),
        (570, 214, 0, 'NPC Arena Watcher 1'),
        (570, 215, 0, 'NPC Arena Watcher 2'),
        (571, 214, 0, 'NPC Arena Watcher 1'),
        (571, 215, 0, 'NPC Arena Watcher 2'),
        (572, 214, 0, 'NPC Arena Watcher 1'),
        (572, 215, 0, 'NPC Arena Watcher 2'),
        (573, 214, 0, 'NPC Arena Watcher 1'),
        (573, 215, 0, 'NPC Arena Watcher 2'),
        (617, 214, 0, 'NPC Arena Watcher 1'),
        (617, 215, 0, 'NPC Arena Watcher 2'),
        (618, 214, 0, 'NPC Arena Watcher 1'),
        (618, 215, 0, 'NPC Arena Watcher 2'),
        (619, 214, 0, 'NPC Arena Watcher 1'),
        (619, 215, 0, 'NPC Arena Watcher 2'),
        (620, 214, 0, 'NPC Arena Watcher 1'),
        (620, 215, 0, 'NPC Arena Watcher 2');

    -- Dalaran Arena
    INSERT INTO `battleground_events` (`map`, `event1`, `event2`, `description`) VALUES
        (617, 211, 0, 'Doodad_DalaranSewer_ArenaWaterFall_Collision01'),
        (617, 210, 0, 'Doodad_DalaranSewer_ArenaWaterFall'),
        (617, 209, 0, 'Doodad_DalaranSewer01'),
        (617, 204, 0, 'DalaranSewer Flush Kick'),
        (617, 203, 0, 'DalaranSewer Flush Kick'),
        (617, 202, 0, 'DalaranSewer waterfall Knockback'),
        (617, 201, 0, 'DalaranSewer Flush visual'),
        (617, 200, 0, 'DalaranSewer Flush visual'),
        (618, 211, 0, 'Doodad_DalaranSewer_ArenaWaterFall_Collision01'),
        (618, 210, 0, 'Doodad_DalaranSewer_ArenaWaterFall'),
        (618, 209, 0, 'Doodad_DalaranSewer01'),
        (618, 204, 0, 'DalaranSewer Flush Kick'),
        (618, 203, 0, 'DalaranSewer Flush Kick'),
        (618, 202, 0, 'DalaranSewer waterfall Knockback'),
        (618, 201, 0, 'DalaranSewer Flush visual'),
        (618, 200, 0, 'DalaranSewer Flush visual'),
        (619, 211, 0, 'Doodad_DalaranSewer_ArenaWaterFall_Collision01'),
        (619, 210, 0, 'Doodad_DalaranSewer_ArenaWaterFall'),
        (619, 209, 0, 'Doodad_DalaranSewer01'),
        (619, 204, 0, 'DalaranSewer Flush Kick'),
        (619, 203, 0, 'DalaranSewer Flush Kick'),
        (619, 202, 0, 'DalaranSewer waterfall Knockback'),
        (619, 201, 0, 'DalaranSewer Flush visual'),
        (619, 200, 0, 'DalaranSewer Flush visual'),
        (620, 211, 0, 'Doodad_DalaranSewer_ArenaWaterFall_Collision01'),
        (620, 210, 0, 'Doodad_DalaranSewer_ArenaWaterFall'),
        (620, 209, 0, 'Doodad_DalaranSewer01'),
        (620, 204, 0, 'DalaranSewer Flush Kick'),
        (620, 203, 0, 'DalaranSewer Flush Kick'),
        (620, 202, 0, 'DalaranSewer waterfall Knockback'),
        (620, 201, 0, 'DalaranSewer Flush visual'),
        (620, 200, 0, 'DalaranSewer Flush visual');

-- 16. spell_template

    DELETE FROM `spell_template` WHERE `entry` IN (30000, 32724, 32725, 32727, 34709, 35774, 35775, 35776, 35777, 37405);

    INSERT INTO `spell_template` (`entry`, `build`, `school`, `category`, `castUI`, `dispel`, `mechanic`, `attributes`, `attributesEx`, `attributesEx2`, `attributesEx3`, `attributesEx4`, `stances`, `stancesNot`, `targets`, `targetCreatureType`, `requiresSpellFocus`, `casterAuraState`, `targetAuraState`, `castingTimeIndex`, `recoveryTime`, `categoryRecoveryTime`, `interruptFlags`, `auraInterruptFlags`, `channelInterruptFlags`, `procFlags`, `procChance`, `procCharges`, `maxLevel`, `baseLevel`, `spellLevel`, `durationIndex`, `powerType`, `manaCost`, `manCostPerLevel`, `manaPerSecond`, `manaPerSecondPerLevel`, `rangeIndex`, `speed`, `modelNextSpell`, `stackAmount`, `totem1`, `totem2`, `reagent1`, `reagent2`, `reagent3`, `reagent4`, `reagent5`, `reagent6`, `reagent7`, `reagent8`, `reagentCount1`, `reagentCount2`, `reagentCount3`, `reagentCount4`, `reagentCount5`, `reagentCount6`, `reagentCount7`, `reagentCount8`, `equippedItemClass`, `equippedItemSubClassMask`, `equippedItemInventoryTypeMask`, `effect1`, `effect2`, `effect3`, `effectDieSides1`, `effectDieSides2`, `effectDieSides3`, `effectBaseDice1`, `effectBaseDice2`, `effectBaseDice3`, `effectDicePerLevel1`, `effectDicePerLevel2`, `effectDicePerLevel3`, `effectRealPointsPerLevel1`, `effectRealPointsPerLevel2`, `effectRealPointsPerLevel3`, `effectBasePoints1`, `effectBasePoints2`, `effectBasePoints3`, `effectMechanic1`, `effectMechanic2`, `effectMechanic3`, `effectImplicitTargetA1`, `effectImplicitTargetA2`, `effectImplicitTargetA3`, `effectImplicitTargetB1`, `effectImplicitTargetB2`, `effectImplicitTargetB3`, `effectRadiusIndex1`, `effectRadiusIndex2`, `effectRadiusIndex3`, `effectApplyAuraName1`, `effectApplyAuraName2`, `effectApplyAuraName3`, `effectAmplitude1`, `effectAmplitude2`, `effectAmplitude3`, `effectMultipleValue1`, `effectMultipleValue2`, `effectMultipleValue3`, `effectChainTarget1`, `effectChainTarget2`, `effectChainTarget3`, `effectItemType1`, `effectItemType2`, `effectItemType3`, `effectMiscValue1`, `effectMiscValue2`, `effectMiscValue3`, `effectTriggerSpell1`, `effectTriggerSpell2`, `effectTriggerSpell3`, `effectPointsPerComboPoint1`, `effectPointsPerComboPoint2`, `effectPointsPerComboPoint3`, `spellVisual1`, `spellVisual2`, `spellIconId`, `activeIconId`, `spellPriority`, `name`, `nameFlags`, `nameSubtext`, `nameSubtextFlags`, `description`, `descriptionFlags`, `auraDescription`, `auraDescriptionFlags`, `manaCostPercentage`, `startRecoveryCategory`, `startRecoveryTime`, `minTargetLevel`, `maxTargetLevel`, `spellFamilyName`, `spellFamilyFlags`, `maxAffectedTargets`, `dmgClass`, `preventionType`, `stanceBarOrder`, `dmgMultiplier1`, `dmgMultiplier2`, `dmgMultiplier3`, `minFactionId`, `minReputation`, `requiredAuraVision`, `customFlags`) VALUES
        (37405, 5875, 0, 0, 0, 0, 0, 256, 268435456, 0, 0, 0, 0, 0, 0, 0, 0, 0, 0, 1, 0, 0, 0, 0, 0, 0, 101, 0, 0, 0, 0, 0, 0, 0, 0, 0, 0, 7, 20, 0, 0, 0, 0, 0, 0, 0, 0, 0, 0, 0, 0, 0, 0, 0, 0, 0, 0, 0, 0, -1, 0, 0, 0, 0, 0, 0, 0, 0, 0, 0, 0, 0, 0, 0, 0, 0, 0, 0, 0, 0, 0, 0, 0, 18, 0, 0, 0, 0, 0, 0, 0, 0, 0, 0, 0, 0, 0, 0, 0, 0, 0, 0, 0, 0, 0, 0, 0, 0, 0, 0, 0, 0, 0, 0, 0, 0, 12946, 0, 636, 0, 0, 'Flush', 4128894, '', 4128844, 'Knocks all units back.', 4128844, '', 4128844, 0, 0, 0, 0, 0, 0, 0, 0, 0, 0, 0, 1, 0, 0, 0, 0, 0, 0),
        (35777, 5875, 0, 0, 0, 0, 23, 0, 0, 4, 0, 0, 0, 0, 0, 0, 0, 0, 0, 1, 0, 0, 1, 0, 0, 0, 101, 0, 0, 0, 0, 21, 0, 0, 0, 0, 0, 1, 0, 0, 0, 0, 0, 0, 0, 0, 0, 0, 0, 0, 0, 0, 0, 0, 0, 0, 0, 0, 0, -1, 0, 0, 6, 61, 0, 0, 0, 0, 0, 0, 0, 0, 0, 0, 0, 0, 0, 0, 0, 0, 0, 0, 0, 1, 0, 0, 0, 0, 0, 0, 0, 0, 37, 0, 0, 0, 0, 0, 0, 0, 0, 0, 0, 0, 0, 0, 0, 85, 8504, 0, 0, 0, 0, 0, 0, 0, 6824, 0, 0, 0, 0, 'Team Blue', 4128894, '', 4128876, '', 4128876, 'You are holding the Warsong Flag.', 4128894, 0, 0, 0, 0, 0, 0, 0, 0, 0, 0, 0, 1, 1, 1, 0, 0, 0, 0),
        (35776, 5875, 0, 0, 0, 0, 23, 0, 0, 4, 0, 0, 0, 0, 0, 0, 0, 0, 0, 1, 0, 0, 1, 0, 0, 0, 101, 0, 0, 0, 0, 21, 0, 0, 0, 0, 0, 1, 0, 0, 0, 0, 0, 0, 0, 0, 0, 0, 0, 0, 0, 0, 0, 0, 0, 0, 0, 0, 0, -1, 0, 0, 6, 61, 0, 0, 0, 0, 0, 0, 0, 0, 0, 0, 0, 0, 0, 0, 0, 0, 0, 0, 0, 1, 0, 0, 0, 0, 0, 0, 0, 0, 37, 0, 0, 0, 0, 0, 0, 0, 0, 0, 0, 0, 0, 0, 0, 85, 8505, 0, 0, 0, 0, 0, 0, 0, 6823, 0, 0, 0, 0, 'Team Red', 4128894, '', 4128876, '', 4128876, 'You are holding the Warsong Flag.', 4128894, 0, 0, 0, 0, 0, 0, 0, 0, 0, 0, 0, 1, 1, 1, 0, 0, 0, 0),
        (35775, 5875, 0, 0, 0, 0, 23, 536871168, 268435456, 0, 269484032, 0, 0, 0, 0, 0, 0, 0, 0, 1, 0, 0, 0, 524288, 0, 0, 101, 0, 0, 0, 0, 21, 0, 0, 0, 0, 0, 1, 0, 0, 0, 0, 0, 0, 0, 0, 0, 0, 0, 0, 0, 0, 0, 0, 0, 0, 0, 0, 0, -1, 0, 0, 6, 67, 137, 0, 0, 1, 0, 0, 1, 0, 0, 0, 0, 0, 0, 0, 0, 99, 0, 0, 0, 1, 1, 1, 0, 0, 0, 0, 0, 0, 4, 0, 0, 0, 0, 0, 0, 0, 0, 0, 0, 0, 0, 0, 0, 0, 0, 0, 0, 0, 0, 0, 0, 0, 8381, 0, 1, 0, 0, 'Green Team', 4128894, '', 4128844, '', 4128844, '', 4128844, 0, 0, 0, 0, 0, 0, 0, 0, 0, 0, 0, 0, 0, 0, 0, 0, 0, 0),
        (35774, 5875, 0, 0, 0, 0, 23, 536871168, 268435456, 0, 269484032, 0, 0, 0, 0, 0, 0, 0, 0, 1, 0, 0, 0, 524288, 0, 0, 101, 0, 0, 0, 0, 21, 0, 0, 0, 0, 0, 1, 0, 0, 0, 0, 0, 0, 0, 0, 0, 0, 0, 0, 0, 0, 0, 0, 0, 0, 0, 0, 0, -1, 0, 0, 6, 67, 137, 0, 0, 1, 0, 0, 1, 0, 0, 0, 0, 0, 0, 0, 0, 99, 0, 0, 0, 1, 1, 1, 0, 0, 0, 0, 0, 0, 4, 0, 0, 0, 0, 0, 0, 0, 0, 0, 0, 0, 0, 0, 0, 0, 0, 0, 0, 0, 0, 0, 0, 0, 8379, 0, 1, 0, 0, 'Gold Team', 4128894, '', 4128844, '', 4128844, '', 4128844, 0, 0, 0, 0, 0, 0, 0, 0, 0, 0, 0, 0, 0, 0, 0, 0, 0, 0),
        (34709, 5875, 0, 0, 0, 0, 0, 2281701632, 0, 268435456, 0, 0, 0, 0, 0, 0, 0, 0, 0, 1, 0, 0, 0, 0, 0, 0, 101, 0, 0, 0, 0, 8, 0, 0, 0, 0, 0, 4, 0, 0, 0, 0, 0, 0, 0, 0, 0, 0, 0, 0, 0, 0, 0, 0, 0, 0, 0, 0, 0, -1, 0, 0, 6, 6, 6, 1, 1, 1, 1, 0, 0, 0, 0, 0, 0, 0, 0, 99999, 9998, 4, 0, 0, 0, 25, 25, 25, 0, 0, 0, 0, 0, 0, 17, 19, 87, 0, 0, 0, 0, 0, 0, 0, 0, 0, 0, 0, 0, 0, 0, 127, 0, 0, 0, 0, 0, 0, 8233, 0, 135, 0, 0, 'Shadow Sight', 4128830, '', 4128830, 'Stealth Detection. Invisibility Detection. Increases damage taken by 5%.', 4128830, 'Stealth Detection.\r\nInvisibility Detection.\r\nIncreases damage taken by 5%.', 4128830, 0, 133, 1500, 0, 0, 0, 0, 0, 0, 0, 0, 1, 0, 0, 0, 0, 0, 0),
        (32727, 5875, 0, 0, 0, 0, 0, 2843738368, 0, 4, 0, 0, 0, 0, 0, 0, 0, 0, 0, 1, 0, 0, 0, 0, 0, 0, 101, 0, 0, 0, 0, 21, 0, 0, 0, 0, 0, 1, 0, 0, 0, 0, 0, 0, 0, 0, 0, 0, 0, 0, 0, 0, 0, 0, 0, 0, 0, 0, 0, -1, 0, 0, 6, 6, 6, 1, 1, 0, 1, 1, 0, 0, 0, 0, 0, 0, 0, -101, 99, 0, 0, 0, 0, 1, 1, 1, 0, 0, 0, 0, 0, 0, 72, 18, 215, 0, 0, 0, 0, 0, 0, 0, 0, 0, 0, 0, 0, 127, 4, 0, 0, 0, 0, 0, 0, 0, 0, 0, 122, 0, 0, 'Arena Preparation', 2031678, '', 2031660, '', 2031676, 'Reduces the cost of spells and abilities by $s1%.', 2031678, 0, 0, 0, 0, 0, 0, 0, 0, 0, 0, 0, 1, 1, 1, 0, 0, 0, 0),
        (32725, 5875, 0, 0, 0, 0, 23, 536871168, 268435456, 0, 269484032, 0, 0, 0, 0, 0, 0, 0, 0, 1, 0, 0, 0, 524288, 0, 0, 101, 0, 0, 0, 0, 21, 0, 0, 0, 0, 0, 1, 0, 0, 0, 0, 0, 0, 0, 0, 0, 0, 0, 0, 0, 0, 0, 0, 0, 0, 0, 0, 0, -1, 0, 0, 6, 67, 137, 0, 0, 1, 0, 0, 1, 0, 0, 0, 0, 0, 0, 0, 0, 99, 0, 0, 0, 1, 1, 1, 0, 0, 0, 0, 0, 0, 4, 0, 0, 0, 0, 0, 0, 0, 0, 0, 0, 0, 0, 0, 0, 0, 0, 0, 0, 0, 0, 0, 0, 0, 8380, 0, 1, 0, 0, 'Green Team', 4128894, '', 4128844, '', 4128844, '', 4128844, 0, 0, 0, 0, 0, 0, 0, 0, 0, 0, 0, 0, 0, 0, 0, 0, 0, 0),
        (32724, 5875, 0, 0, 0, 0, 23, 536871168, 268435456, 0, 269484032, 0, 0, 0, 0, 0, 0, 0, 0, 1, 0, 0, 0, 524288, 0, 0, 101, 0, 0, 0, 0, 21, 0, 0, 0, 0, 0, 1, 0, 0, 0, 0, 0, 0, 0, 0, 0, 0, 0, 0, 0, 0, 0, 0, 0, 0, 0, 0, 0, -1, 0, 0, 6, 67, 137, 0, 0, 1, 0, 0, 1, 0, 0, 0, 0, 0, 0, 0, 0, 99, 0, 0, 0, 1, 1, 1, 0, 0, 0, 0, 0, 0, 4, 0, 0, 0, 0, 0, 0, 0, 0, 0, 0, 0, 0, 0, 0, 0, 0, 0, 0, 0, 0, 0, 0, 0, 8378, 0, 1, 0, 0, 'Gold Team', 4128894, '', 4128844, '', 4128844, '', 4128844, 0, 0, 0, 0, 0, 0, 0, 0, 0, 0, 0, 0, 0, 0, 0, 0, 0, 0),
        (30000, 5875, 5, 0, 0, 0, 0, 0, 0, 0, 0, 0, 0, 0, 0, 0, 0, 0, 0, 5, 0, 0, 0, 0, 0, 0, 101, 0, 0, 0, 0, 21, 0, 0, 0, 0, 0, 2, 0, 0, 0, 0, 0, 0, 0, 0, 0, 0, 0, 0, 0, 0, 0, 0, 0, 0, 0, 0, 0, -1, 0, 0, 6, 6, 6, 1, 1, 1, 1, 1, 1, 0, 0, 0, 0, 0, 0, -76, -76, -76, 0, 0, 32, 6, 6, 6, 0, 0, 0, 0, 0, 0, 33, 138, 65, 0, 0, 0, 0, 0, 0, 0, 0, 0, 0, 0, 0, 0, 0, 0, 0, 0, 0, 0, 0, 0, 68, 0, 1505, 0, 0, 'Forbidden Gear', 4128894, '', 4128892, '', 4128892, 'Movement speed slowed by $s1%.\r\nTime between attacks increased by $s2%.\r\nCasting speed slowed by $s3%.', 4128894, 0, 0, 0, 0, 0, 0, 0, 0, 0, 1, 0, 1, 1, 1, 0, 0, 0, 0);

-- 17. game_tele

    DELETE FROM `game_tele` WHERE `id` IN (929, 939, 940);

    INSERT INTO `game_tele` (`id`, `position_x`, `position_y`, `position_z`, `orientation`, `map`, `name`) VALUES (929, 4027.26, 2973.32, 11.872, 1.15435, 559, 'Nagrand Arena');
    INSERT INTO `game_tele` (`id`, `position_x`, `position_y`, `position_z`, `orientation`, `map`, `name`) VALUES (939, 6292.66, 288.579, 4.95929, 1.15435, 562, 'Blades Edge Arena');
    INSERT INTO `game_tele` (`id`, `position_x`, `position_y`, `position_z`, `orientation`, `map`, `name`) VALUES (940, 1277.87, 1744.9, 32.5, 1.15435, 572, 'Ruins of Lordaeron');

-- 18. creature_display_info_addon

    DELETE FROM `creature_display_info_addon` WHERE `display_id` IN (21153, 20856);

    INSERT INTO `creature_display_info_addon` VALUES
        (21153, 0, 2, 3, 0, 0, 2, 0),
        (20856, 0, 2, 3, 0, 0, 2, 0);

-- 19. disabled_arena_spells

    CREATE TABLE IF NOT EXISTS `disabled_arena_spells` (
    `entry` int(10) unsigned NOT NULL,
    `1v1` tinyint(4) unsigned NOT NULL DEFAULT 1,
    `2v2` tinyint(4) unsigned NOT NULL DEFAULT 1,
    `3v3` tinyint(4) unsigned NOT NULL DEFAULT 1,
    `5v5` tinyint(4) unsigned NOT NULL DEFAULT 1,
    `description` varchar(100) DEFAULT NULL,
    PRIMARY KEY (`entry`)
    ) ENGINE=InnoDB DEFAULT CHARSET=latin1;

    INSERT INTO `disabled_arena_spells` (`entry`, `1v1`, `2v2`, `3v3`, `5v5`, `description`) VALUES
        (126, 1, 1, 1, 1, 'CONSUMABLE Eye of Arachnida'),
        (133, 1, 1, 1, 1, 'CONSUMABLE Magic Candle'),
        (437, 0, 0, 0, 0, 'CONSUMABLE Minor Mana Potion'),
        (438, 0, 0, 0, 0, 'CONSUMABLE Lesser Mana Potion'),
        (439, 1, 1, 1, 1, 'CONSUMABLE Minor Healing Potion'),
        (440, 1, 1, 1, 1, 'CONSUMABLE Lesser Healing Potion'),
        (441, 1, 1, 1, 1, 'CONSUMABLE Healing Potion'),
        (673, 1, 1, 1, 1, 'CONSUMABLE Oil of Olaf'),
        (698, 1, 1, 1, 1, 'SPELL Ritual of Summoning'),
        (700, 1, 1, 1, 1, 'CONSUMABLE Slumber Sand'),
        (833, 1, 1, 1, 1, 'CONSUMABLE Green Tea Leaf'),
        (835, 1, 1, 1, 1, 'ITEM Tidal Charm'),
        (1090, 1, 1, 1, 1, 'CONSUMABLE Magic Dust'),
        (1138, 1, 1, 1, 1, 'CONSUMABLE Crystal Basilisk Spine'),
        (1719, 0, 0, 0, 0, 'SPELL Recklessness'),
        (1940, 1, 1, 1, 1, 'CONSUMABLE Explosive Rocket'),
        (2023, 0, 0, 0, 0, 'CONSUMABLE Mana Potion'),
        (2024, 1, 1, 1, 1, 'CONSUMABLE Greater Healing Potion'),
        (2052, 1, 1, 1, 1, 'CONSUMABLE Sprouted Frond'),
        (2120, 1, 1, 1, 1, 'CONSUMABLE Flash Bundle'),
        (2367, 1, 1, 1, 1, 'CONSUMABLE Elixir of Lion\'s Strength'),
        (2370, 1, 1, 1, 1, 'CONSUMABLE Minor Rejuvenation Potion'),
        (2374, 1, 1, 1, 1, 'CONSUMABLE Elixir of Minor Agility'),
        (2378, 1, 1, 1, 1, 'CONSUMABLE Elixir of Minor Fortitude'),
        (2379, 1, 1, 1, 1, 'CONSUMABLE Swiftness Potion'),
        (2380, 1, 1, 1, 1, 'CONSUMABLE Minor Magic Resistance Potion'),
        (2639, 1, 1, 1, 1, 'CONSUMABLE Cooked Crab Claw'),
        (2831, 1, 1, 1, 1, 'CONSUMABLE Light Armor Kit'),
        (2832, 1, 1, 1, 1, 'CONSUMABLE Medium Armor Kit'),
        (2833, 1, 1, 1, 1, 'CONSUMABLE Heavy Armor Kit'),
        (3160, 1, 1, 1, 1, 'CONSUMABLE Elixir of Lesser Agility'),
        (3164, 1, 1, 1, 1, 'CONSUMABLE Elixir of Ogre\'s Strength'),
        (3166, 1, 1, 1, 1, 'CONSUMABLE Elixir of Wisdom'),
        (3169, 1, 1, 1, 1, 'CONSUMABLE Limited Invulnerability Potion'),
        (3219, 1, 1, 1, 1, 'CONSUMABLE Weak Troll\'s Blood Potion'),
        (3220, 1, 1, 1, 1, 'CONSUMABLE Elixir of Defense'),
        (3222, 1, 1, 1, 1, 'CONSUMABLE Strong Troll\'s Blood Potion'),
        (3223, 1, 1, 1, 1, 'CONSUMABLE Mighty Troll\'s Blood Potion'),
        (3366, 1, 1, 1, 1, 'CONSUMABLE Shadowforge Torch'),
        (3592, 1, 1, 1, 1, 'CONSUMABLE Jungle Remedy'),
        (3593, 1, 1, 1, 1, 'CONSUMABLE Elixir of Fortitude'),
        (3594, 1, 1, 1, 1, 'CONSUMABLE Shadow Oil'),
        (3595, 1, 1, 1, 1, 'CONSUMABLE Frost Oil'),
        (3680, 1, 1, 1, 1, 'CONSUMABLE Lesser Invisibility Potion'),
        (4042, 1, 1, 1, 1, 'CONSUMABLE Superior Healing Potion'),
        (4062, 1, 1, 1, 1, 'CONSUMABLE Goblin Fishing Pole'),
        (4079, 0, 1, 1, 1, 'ITEM Gnomish Cloaking Device '),
        (4130, 1, 1, 1, 1, 'CONSUMABLE Cresting Charm'),
        (4131, 1, 1, 1, 1, 'CONSUMABLE Thundering Charm'),
        (4132, 1, 1, 1, 1, 'CONSUMABLE Burning Charm'),
        (4318, 1, 1, 1, 1, 'CONSUMABLE Call of the Raptor'),
        (4941, 1, 1, 1, 1, 'CONSUMABLE Lesser Stoneshield Potion'),
        (5004, 1, 1, 1, 1, 'CONSUMABLE Spiced Wolf Meat'),
        (5005, 1, 1, 1, 1, 'CONSUMABLE Goretusk Liver Pie'),
        (5006, 1, 1, 1, 1, 'CONSUMABLE Seasoned Wolf Kabob'),
        (5007, 1, 1, 1, 1, 'CONSUMABLE Tasty Lion Steak'),
        (5020, 1, 1, 1, 1, 'CONSUMABLE Stormstout'),
        (5021, 1, 1, 1, 1, 'CONSUMABLE Trogg Ale'),
        (5024, 0, 1, 1, 1, 'ITEM Skull of Impending Doom'),
        (5257, 1, 1, 1, 1, 'CONSUMABLE Keg of Thunderbrew Lager'),
        (5665, 1, 1, 1, 1, 'CONSUMABLE Bogling Root'),
        (5917, 1, 1, 1, 1, 'CONSUMABLE Bag of Marbles'),
        (6114, 1, 1, 1, 1, 'CONSUMABLE Raptor Punch'),
        (6296, 1, 1, 1, 1, 'CONSUMABLE Fiery Blaze Enchantment'),
        (6410, 1, 1, 1, 1, 'CONSUMABLE Scorpid Surprise'),
        (6512, 1, 1, 1, 1, 'CONSUMABLE Elixir of Detect Lesser Invisibility'),
        (6513, 1, 1, 1, 1, 'CONSUMABLE Elixir of Poison Resistance'),
        (6612, 1, 1, 1, 1, 'CONSUMABLE Rage Potion'),
        (6613, 1, 1, 1, 1, 'CONSUMABLE Great Rage Potion'),
        (6615, 0, 1, 1, 1, 'CONSUMABLE Free Action Potion'),
        (6668, 1, 1, 1, 1, 'CONSUMABLE Red Fireworks Rocket'),
        (6724, 1, 1, 1, 1, 'CONSUMABLE Light of Elune'),
        (6803, 1, 1, 1, 1, 'CONSUMABLE Etched Phial'),
        (6918, 1, 1, 1, 1, 'CONSUMABLE Crate With Holes'),
        (7077, 1, 1, 1, 1, 'UterusOne Teleporter'),
        (7108, 1, 1, 1, 1, 'CONSUMABLE Moist Towelette'),
        (7178, 1, 1, 1, 1, 'CONSUMABLE Elixir of Water Breathing'),
        (7233, 1, 1, 1, 1, 'CONSUMABLE Fire Protection Potion'),
        (7239, 1, 1, 1, 1, 'CONSUMABLE Frost Protection Potion'),
        (7242, 1, 1, 1, 1, 'CONSUMABLE Shadow Protection Potion'),
        (7245, 1, 1, 1, 1, 'CONSUMABLE Holy Protection Potion'),
        (7254, 1, 1, 1, 1, 'CONSUMABLE Nature Protection Potion'),
        (7285, 1, 1, 1, 1, 'CONSUMABLE War Horn Mouthpiece'),
        (7364, 1, 1, 1, 1, 'CONSUMABLE Unlit Poor Torch'),
        (7396, 1, 1, 1, 1, 'CONSUMABLE Fishliver Oil'),
        (7737, 1, 1, 1, 1, 'CONSUMABLE Raw Brilliant Smallfish'),
        (7840, 1, 1, 1, 1, 'CONSUMABLE Swim Speed Potion'),
        (7844, 1, 1, 1, 1, 'CONSUMABLE Elixir of Firepower'),
        (8070, 1, 1, 1, 1, 'CONSUMABLE Restoring Balm'),
        (8087, 1, 1, 1, 1, 'CONSUMABLE Shiny Bauble'),
        (8088, 1, 1, 1, 1, 'CONSUMABLE Nightcrawlers'),
        (8090, 1, 1, 1, 1, 'CONSUMABLE Bright Baubles'),
        (8091, 1, 1, 1, 1, 'CONSUMABLE Scroll of Protection'),
        (8094, 1, 1, 1, 1, 'CONSUMABLE Scroll of Protection II'),
        (8095, 1, 1, 1, 1, 'CONSUMABLE Scroll of Protection III'),
        (8096, 1, 1, 1, 1, 'CONSUMABLE Scroll of Intellect'),
        (8097, 1, 1, 1, 1, 'CONSUMABLE Scroll of Intellect II'),
        (8098, 1, 1, 1, 1, 'CONSUMABLE Scroll of Intellect III'),
        (8099, 1, 1, 1, 1, 'CONSUMABLE Scroll of Stamina'),
        (8100, 1, 1, 1, 1, 'CONSUMABLE Scroll of Stamina II'),
        (8101, 1, 1, 1, 1, 'CONSUMABLE Scroll of Stamina III'),
        (8112, 1, 1, 1, 1, 'CONSUMABLE Scroll of Spirit'),
        (8113, 1, 1, 1, 1, 'CONSUMABLE Scroll of Spirit II'),
        (8114, 1, 1, 1, 1, 'CONSUMABLE Scroll of Spirit III'),
        (8115, 1, 1, 1, 1, 'CONSUMABLE Scroll of Agility'),
        (8116, 1, 1, 1, 1, 'CONSUMABLE Scroll of Agility II'),
        (8117, 1, 1, 1, 1, 'CONSUMABLE Scroll of Agility III'),
        (8118, 1, 1, 1, 1, 'CONSUMABLE Scroll of Strength'),
        (8119, 1, 1, 1, 1, 'CONSUMABLE Scroll of Strength II'),
        (8120, 1, 1, 1, 1, 'CONSUMABLE Scroll of Strength III'),
        (8176, 1, 1, 1, 1, 'CONSUMABLE Spiked Collar'),
        (8202, 1, 1, 1, 1, 'CONSUMABLE Earth Sapta'),
        (8212, 1, 1, 1, 1, 'CONSUMABLE Elixir of Giant Growth'),
        (8213, 1, 1, 1, 1, 'CONSUMABLE Savory Deviate Delight'),
        (8277, 1, 1, 1, 1, 'CONSUMABLE Severed Voodoo Claw'),
        (8312, 1, 1, 1, 1, 'CONSUMABLE Large Rope Net'),
        (8532, 1, 1, 1, 1, 'CONSUMABLE Aquadynamic Fish Lens'),
        (8892, 0, 1, 1, 1, 'ITEM Goblin Rocket Boots'),
        (8898, 1, 1, 1, 1, 'CONSUMABLE Fire Sapta'),
        (8899, 1, 1, 1, 1, 'CONSUMABLE Water Sapta'),
        (9092, 1, 1, 1, 1, 'CONSUMABLE Flesh Eating Worm'),
        (9512, 1, 1, 1, 1, 'CONSUMABLE Thistle Tea'),
        (9515, 1, 1, 1, 1, 'CONSUMABLE Dog Whistle'),
        (9774, 0, 1, 1, 1, 'ITEM Spider Belt '),
        (9976, 1, 1, 1, 1, 'CONSUMABLE E.C.A.C.'),
        (10256, 1, 1, 1, 1, 'CONSUMABLE Heavy Kodo Stew'),
        (10344, 1, 1, 1, 1, 'CONSUMABLE Thick Armor Kit'),
        (10667, 1, 1, 1, 1, 'CONSUMABLE R.O.I.D.S.'),
        (10668, 1, 1, 1, 1, 'CONSUMABLE Lung Juice Cocktail'),
        (10669, 1, 1, 1, 1, 'CONSUMABLE Ground Scorpok Assay'),
        (10692, 1, 1, 1, 1, 'CONSUMABLE Cerebral Cortex Compound'),
        (10693, 1, 1, 1, 1, 'CONSUMABLE Gizzard Gum'),
        (10723, 1, 1, 1, 1, 'CONSUMABLE Hinott\'s Oil'),
        (10738, 1, 1, 1, 1, 'CONSUMABLE Executioner\'s Key'),
        (11007, 1, 1, 1, 1, 'CONSUMABLE Thunder Ale'),
        (11008, 1, 1, 1, 1, 'CONSUMABLE Flask of Port'),
        (11009, 1, 1, 1, 1, 'CONSUMABLE Flagon of Mead'),
        (11328, 1, 1, 1, 1, 'CONSUMABLE Elixir of Agility'),
        (11334, 1, 1, 1, 1, 'CONSUMABLE Elixir of Greater Agility'),
        (11348, 1, 1, 1, 1, 'CONSUMABLE Elixir of Superior Defense'),
        (11349, 1, 1, 1, 1, 'CONSUMABLE Elixir of Greater Defense'),
        (11350, 1, 1, 1, 1, 'CONSUMABLE Oil of Immolation'),
        (11359, 1, 1, 1, 1, 'CONSUMABLE Restorative Elixir'),
        (11364, 1, 1, 1, 1, 'CONSUMABLE Magic Resistance Potion'),
        (11371, 1, 1, 1, 1, 'CONSUMABLE Gift of Arthas'),
        (11387, 1, 1, 1, 1, 'CONSUMABLE Wildvine Potion'),
        (11389, 1, 1, 1, 1, 'CONSUMABLE Elixir of Detect Undead'),
        (11390, 1, 1, 1, 1, 'CONSUMABLE Arcane Elixir'),
        (11392, 1, 1, 1, 1, 'CONSUMABLE Invisibility Potion'),
        (11396, 1, 1, 1, 1, 'CONSUMABLE Elixir of Greater Intellect'),
        (11403, 1, 1, 1, 1, 'CONSUMABLE Elixir of Dream Vision'),
        (11405, 1, 1, 1, 1, 'CONSUMABLE Elixir of Giants'),
        (11406, 1, 1, 1, 1, 'CONSUMABLE Elixir of Demonslaying'),
        (11407, 1, 1, 1, 1, 'CONSUMABLE Elixir of Detect Demon'),
        (11474, 1, 1, 1, 1, 'CONSUMABLE Elixir of Shadow Power'),
        (11540, 1, 1, 1, 1, 'CONSUMABLE Blue Firework'),
        (11541, 1, 1, 1, 1, 'CONSUMABLE Green Firework'),
        (11542, 1, 1, 1, 1, 'CONSUMABLE Red Streaks Firework'),
        (11543, 1, 1, 1, 1, 'CONSUMABLE Red, White and Blue Firework'),
        (11544, 1, 1, 1, 1, 'CONSUMABLE Yellow Rose Firework'),
        (11547, 1, 1, 1, 1, 'CONSUMABLE Nimboya\'s Laden Pike'),
        (11629, 1, 1, 1, 1, 'CONSUMABLE Cuergo\'s Gold with Worm'),
        (11903, 0, 0, 0, 0, 'CONSUMABLE Greater Mana Potion'),
        (12174, 1, 1, 1, 1, 'CONSUMABLE Scroll of Agility IV'),
        (12175, 1, 1, 1, 1, 'CONSUMABLE Scroll of Protection IV'),
        (12176, 1, 1, 1, 1, 'CONSUMABLE Scroll of Intellect IV'),
        (12177, 1, 1, 1, 1, 'CONSUMABLE Scroll of Spirit IV'),
        (12178, 1, 1, 1, 1, 'CONSUMABLE Scroll of Stamina IV'),
        (12179, 1, 1, 1, 1, 'CONSUMABLE Scroll of Strength IV'),
        (12438, 1, 1, 1, 1, 'CONSUMABLE Colossal Parachute'),
        (12608, 1, 1, 1, 1, 'CONSUMABLE Catseye Elixir'),
        (12735, 1, 1, 1, 1, 'CONSUMABLE Essence of Hakkar'),
        (13120, 0, 1, 1, 1, 'ITEM Gnomish Net-o-Matic'),
        (13141, 0, 1, 1, 1, 'ITEM Gnomish Rocket Boots'),
        (13166, 0, 1, 1, 1, 'ITEM Battle Chicken'),
        (13180, 0, 1, 1, 1, 'ITEM Gnomish Mind Control Cap'),
        (13237, 0, 1, 1, 1, 'ITEM Goblin Mortar'),
        (13278, 0, 1, 1, 1, 'ITEM Gnomish Death Ray'),
        (13424, 1, 1, 1, 1, 'CONSUMABLE Glowing Wax Stick'),
        (13564, 1, 1, 1, 1, 'CONSUMABLE Dark Keeper Key'),
        (13808, 1, 1, 1, 1, 'CONSUMABLE M73 Frag Grenade'),
        (14199, 1, 1, 1, 1, 'CONSUMABLE Samophlange Manual Page'),
        (14814, 1, 1, 1, 1, 'CONSUMABLE Dark Iron Ale Mug'),
        (15229, 1, 1, 1, 1, 'CONSUMABLE Crystal Restore'),
        (15231, 1, 1, 1, 1, 'CONSUMABLE Crystal Force'),
        (15233, 1, 1, 1, 1, 'CONSUMABLE Crystal Ward'),
        (15235, 1, 1, 1, 1, 'CONSUMABLE Crystal Yield'),
        (15239, 1, 1, 1, 1, 'CONSUMABLE Crystal Charge'),
        (15279, 1, 1, 1, 1, 'CONSUMABLE Crystal Spire'),
        (15698, 1, 1, 1, 1, 'CONSUMABLE Empty Cursed Ooze Jar'),
        (15699, 1, 1, 1, 1, 'CONSUMABLE Empty Tainted Ooze Jar'),
        (15700, 0, 0, 0, 0, 'CONSUMABLE Whipper Root Tuber'),
        (15701, 1, 1, 1, 1, 'CONSUMABLE Night Dragon\'s Breath'),
        (15702, 1, 1, 1, 1, 'CONSUMABLE Empty Pure Sample Jar'),
        (15712, 0, 1, 1, 1, 'ITEM Linken\'s Boomerang'),
        (15822, 1, 1, 1, 1, 'CONSUMABLE Dreamless Sleep Potion'),
        (15852, 1, 1, 1, 1, 'CONSUMABLE Dragonbreath Chili'),
        (16321, 1, 1, 1, 1, 'CONSUMABLE Juju Escape'),
        (16322, 1, 1, 1, 1, 'CONSUMABLE Juju Flurry'),
        (16323, 1, 1, 1, 1, 'CONSUMABLE Juju Power'),
        (16325, 1, 1, 1, 1, 'CONSUMABLE Juju Chill'),
        (16326, 1, 1, 1, 1, 'CONSUMABLE Juju Ember'),
        (16327, 1, 1, 1, 1, 'CONSUMABLE Juju Guile'),
        (16329, 1, 1, 1, 1, 'CONSUMABLE Juju Might'),
        (16375, 1, 1, 1, 1, 'CONSUMABLE Faintly Glowing Skull'),
        (16537, 1, 1, 1, 1, 'CONSUMABLE Immature Venom Sac'),
        (16589, 1, 1, 1, 1, 'CONSUMABLE Noggenfogger Elixir'),
        (16629, 1, 1, 1, 1, 'CONSUMABLE Attuned Dampener'),
        (17038, 1, 1, 1, 1, 'CONSUMABLE Winterfall Firewater'),
        (17133, 1, 1, 1, 1, 'CONSUMABLE Pamela\'s Doll\'s Head'),
        (17161, 1, 1, 1, 1, 'CONSUMABLE Empty Canteen'),
        (17271, 1, 1, 1, 1, 'CONSUMABLE Mystic Crystal'),
        (17528, 1, 1, 1, 1, 'CONSUMABLE Mighty Rage Potion'),
        (17530, 0, 0, 0, 0, 'CONSUMABLE Superior Mana Potion'),
        (17531, 0, 0, 0, 0, 'CONSUMABLE Major Mana Potion'),
        (17534, 1, 1, 1, 1, 'CONSUMABLE Major Healing Potion'),
        (17535, 1, 1, 1, 1, 'CONSUMABLE Elixir of the Sages'),
        (17537, 1, 1, 1, 1, 'CONSUMABLE Elixir of Brute Force'),
        (17538, 1, 1, 1, 1, 'CONSUMABLE Elixir of the Mongoose'),
        (17539, 1, 1, 1, 1, 'CONSUMABLE Greater Arcane Elixir'),
        (17540, 1, 1, 1, 1, 'CONSUMABLE Greater Stoneshield Potion'),
        (17543, 1, 1, 1, 1, 'CONSUMABLE Greater Fire Protection Potion'),
        (17544, 1, 1, 1, 1, 'CONSUMABLE Greater Frost Protection Potion'),
        (17546, 1, 1, 1, 1, 'CONSUMABLE Greater Nature Protection Potion'),
        (17548, 1, 1, 1, 1, 'CONSUMABLE Greater Shadow Protection Potion'),
        (17549, 1, 1, 1, 1, 'CONSUMABLE Greater Arcane Protection Potion'),
        (17550, 1, 1, 1, 1, 'CONSUMABLE Purification Potion'),
        (17624, 1, 1, 1, 1, 'CONSUMABLE Flask of Petrification'),
        (17626, 1, 1, 1, 1, 'CONSUMABLE Flask of the Titans'),
        (17627, 1, 1, 1, 1, 'CONSUMABLE Flask of Distilled Wisdom'),
        (17628, 1, 1, 1, 1, 'CONSUMABLE Flask of Supreme Power'),
        (17629, 1, 1, 1, 1, 'CONSUMABLE Flask of Chromatic Resistance'),
        (17639, 1, 1, 1, 1, 'CONSUMABLE Wail of the Banshee'),
        (18071, 1, 1, 1, 1, 'CONSUMABLE Enriched Manna Biscuit'),
        (18124, 1, 1, 1, 1, 'CONSUMABLE Blessed Sunfruit'),
        (18140, 1, 1, 1, 1, 'CONSUMABLE Blessed Sunfruit Juice'),
        (18229, 1, 1, 1, 1, 'CONSUMABLE Cooked Glossy Mightfish'),
        (18230, 1, 1, 1, 1, 'CONSUMABLE Grilled Squid'),
        (18231, 1, 1, 1, 1, 'CONSUMABLE Hot Smoked Bass'),
        (18232, 1, 1, 1, 1, 'CONSUMABLE Poached Sunscale Salmon'),
        (18233, 1, 1, 1, 1, 'CONSUMABLE Nightfin Soup'),
        (18234, 1, 1, 1, 1, 'CONSUMABLE Windblossom Berries'),
        (18307, 0, 1, 1, 1, 'ITEM Barov Peasant Caller'),
        (18308, 0, 1, 1, 1, 'ITEM Barov Peasant Caller'),
        (18832, 1, 1, 1, 1, 'CONSUMABLE Lily Root'),
        (19057, 1, 1, 1, 1, 'CONSUMABLE Rugged Armor Kit'),
        (19199, 1, 1, 1, 1, 'CONSUMABLE Tea with Sugar'),
        (19363, 1, 1, 1, 1, 'CONSUMABLE Mechanical Yeti'),
        (20476, 1, 1, 1, 1, 'UterusOne Jetpack Explosion'),
        (20707, 1, 1, 1, 1, 'CONSUMABLE Minor Soulstone'),
        (20762, 1, 1, 1, 1, 'CONSUMABLE Lesser Soulstone'),
        (20763, 1, 1, 1, 1, 'CONSUMABLE Soulstone'),
        (20764, 1, 1, 1, 1, 'CONSUMABLE Greater Soulstone'),
        (20765, 1, 1, 1, 1, 'CONSUMABLE Major Soulstone'),
        (20875, 1, 1, 1, 1, 'CONSUMABLE Rumsey Rum'),
        (21149, 1, 1, 1, 1, 'CONSUMABLE Egg Nog'),
        (21167, 1, 1, 1, 1, 'CONSUMABLE Hardpacked Snowball'),
        (21343, 1, 1, 1, 1, 'CONSUMABLE Snowball'),
        (21393, 1, 1, 1, 1, 'CONSUMABLE Major Healing Draught'),
        (21394, 1, 1, 1, 1, 'CONSUMABLE Superior Healing Draught'),
        (21395, 1, 1, 1, 1, 'CONSUMABLE Major Mana Draught'),
        (21396, 1, 1, 1, 1, 'CONSUMABLE Superior Mana Draught'),
        (21920, 1, 1, 1, 1, 'CONSUMABLE Elixir of Frost Power'),
        (21955, 1, 1, 1, 1, 'CONSUMABLE Razorlash Root'),
        (22641, 0, 1, 1, 1, 'ITEM Goblin Rocket Helmet '),
        (22725, 1, 1, 1, 1, 'CONSUMABLE Core Armor Kit'),
        (22729, 1, 1, 1, 1, 'CONSUMABLE Major Rejuvenation Potion'),
        (22731, 1, 1, 1, 1, 'CONSUMABLE Runn Tum Tuber Surprise'),
        (22736, 1, 1, 1, 1, 'CONSUMABLE Gordok Ogre Suit'),
        (22789, 1, 1, 1, 1, 'CONSUMABLE Gordok Green Grog'),
        (22790, 1, 1, 1, 1, 'CONSUMABLE Kreeg\'s Stout Beatdown'),
        (22792, 1, 1, 1, 1, 'CONSUMABLE Thornling Seed'),
        (22807, 1, 1, 1, 1, 'CONSUMABLE Elixir of Greater Water Breathing'),
        (23035, 1, 1, 1, 1, 'CONSUMABLE Horde Battle Standard'),
        (23065, 1, 1, 1, 1, 'CONSUMABLE Happy Fun Rock'),
        (23097, 0, 1, 1, 1, 'ITEM Fire Reflector'),
        (23131, 0, 1, 1, 1, 'ITEM Frost Reflector'),
        (23132, 0, 1, 1, 1, 'ITEM Shadow Reflector '),
        (23135, 1, 1, 1, 1, 'CONSUMABLE Heavy Leather Ball'),
        (23540, 1, 1, 1, 1, 'CONSUMABLE Warsong Gulch Enriched Ration'),
        (23541, 1, 1, 1, 1, 'CONSUMABLE Warsong Gulch Iron Ration'),
        (23542, 1, 1, 1, 1, 'CONSUMABLE Warsong Gulch Field Ration'),
        (23645, 1, 1, 1, 1, 'CONSUMABLE Hourglass Sand'),
        (23692, 1, 1, 1, 1, 'CONSUMABLE Alterac Manna Biscuit'),
        (23698, 1, 1, 1, 1, 'CONSUMABLE Bottled Alterac Spring Water'),
        (23724, 1, 1, 1, 1, 'CONSUMABLE Rune of Metamorphosis'),
        (24005, 1, 1, 1, 1, 'CONSUMABLE Harvest Bread'),
        (24355, 1, 1, 1, 1, 'CONSUMABLE Harvest Nectar'),
        (24360, 1, 1, 1, 1, 'CONSUMABLE Greater Dreamless Sleep Potion'),
        (24361, 1, 1, 1, 1, 'CONSUMABLE Major Troll\'s Blood Potion'),
        (24363, 1, 1, 1, 1, 'CONSUMABLE Mageblood Potion'),
        (24364, 1, 1, 1, 1, 'CONSUMABLE Living Action Potion'),
        (24382, 1, 1, 1, 1, 'CONSUMABLE Spirit of Zanza'),
        (24383, 1, 1, 1, 1, 'CONSUMABLE Swiftness of Zanza'),
        (24384, 1, 1, 1, 1, 'CONSUMABLE Essence Mango'),
        (24409, 1, 1, 1, 1, 'CONSUMABLE Arathi Basin Field Ration'),
        (24410, 1, 1, 1, 1, 'CONSUMABLE Arathi Basin Iron Ration'),
        (24411, 1, 1, 1, 1, 'CONSUMABLE Arathi Basin Enriched Ration'),
        (24417, 1, 1, 1, 1, 'CONSUMABLE Sheen of Zanza'),
        (24707, 1, 1, 1, 1, 'CONSUMABLE Lollipop'),
        (24717, 1, 1, 1, 1, 'CONSUMABLE Hallowed Wand - Pirate'),
        (24718, 1, 1, 1, 1, 'CONSUMABLE Hallowed Wand - Ninja'),
        (24719, 1, 1, 1, 1, 'CONSUMABLE Hallowed Wand - Leper Gnome'),
        (24720, 1, 1, 1, 1, 'CONSUMABLE Hallowed Wand - Random'),
        (24724, 1, 1, 1, 1, 'CONSUMABLE Hallowed Wand - Skeleton'),
        (24733, 1, 1, 1, 1, 'CONSUMABLE Hallowed Wand - Bat'),
        (24737, 1, 1, 1, 1, 'CONSUMABLE Hallowed Wand - Ghost'),
        (24741, 1, 1, 1, 1, 'CONSUMABLE Hallowed Wand - Wisp'),
        (24800, 1, 1, 1, 1, 'CONSUMABLE Smoked Desert Dumplings'),
        (24833, 1, 1, 1, 1, 'CONSUMABLE Holy Mightstone'),
        (24869, 1, 1, 1, 1, 'CONSUMABLE Bobbing Apple'),
        (24930, 1, 1, 1, 1, 'CONSUMABLE Hallow\'s End Pumpkin Treat'),
        (25037, 1, 1, 1, 1, 'CONSUMABLE Rumsey Rum Light'),
        (25660, 1, 1, 1, 1, 'CONSUMABLE Dirge\'s Kickin\' Chimaerok Chops'),
        (25677, 1, 1, 1, 1, 'CONSUMABLE Hardpacked Snowball'),
        (25687, 1, 1, 1, 1, 'CONSUMABLE Explosive Snowball'),
        (25690, 1, 1, 1, 1, 'CONSUMABLE Smoked Sagefish'),
        (25691, 1, 1, 1, 1, 'CONSUMABLE Sagefish Delight'),
        (25692, 1, 1, 1, 1, 'CONSUMABLE Raw Sagefish'),
        (25693, 1, 1, 1, 1, 'CONSUMABLE Raw Greater Sagefish'),
        (25722, 1, 1, 1, 1, 'CONSUMABLE Rumsey Rum Dark'),
        (25804, 1, 1, 1, 1, 'CONSUMABLE Rumsey Rum Black Label'),
        (25822, 1, 1, 1, 1, 'CONSUMABLE Festival Firecracker'),
        (25823, 1, 1, 1, 1, 'CONSUMABLE Elune Stone'),
        (25860, 1, 1, 1, 1, 'CONSUMABLE Fresh Holly'),
        (25990, 1, 1, 1, 1, 'CONSUMABLE Graccu\'s Mince Meat Fruitcake'),
        (26008, 1, 1, 1, 1, 'CONSUMABLE Toasting Goblet'),
        (26030, 1, 1, 1, 1, 'CONSUMABLE Windblossom Berries'),
        (26067, 1, 1, 1, 1, 'CONSUMABLE Mechanical Greench'),
        (26263, 1, 1, 1, 1, 'CONSUMABLE Festival Dumplings'),
        (26276, 1, 1, 1, 1, 'CONSUMABLE Elixir of Greater Firepower'),
        (26286, 1, 1, 1, 1, 'CONSUMABLE Small Red Rocket'),
        (26291, 1, 1, 1, 1, 'CONSUMABLE Small Blue Rocket'),
        (26292, 1, 1, 1, 1, 'CONSUMABLE Small Green Rocket'),
        (26294, 1, 1, 1, 1, 'CONSUMABLE Small White Rocket'),
        (26295, 1, 1, 1, 1, 'CONSUMABLE Small Yellow Rocket'),
        (26298, 1, 1, 1, 1, 'CONSUMABLE Firework Launcher'),
        (26299, 1, 1, 1, 1, 'CONSUMABLE Cluster Launcher'),
        (26304, 1, 1, 1, 1, 'CONSUMABLE Blue Rocket Cluster'),
        (26325, 1, 1, 1, 1, 'CONSUMABLE Green Rocket Cluster'),
        (26327, 1, 1, 1, 1, 'CONSUMABLE Red Rocket Cluster'),
        (26333, 1, 1, 1, 1, 'CONSUMABLE Large Blue Rocket'),
        (26334, 1, 1, 1, 1, 'CONSUMABLE Large Green Rocket'),
        (26336, 1, 1, 1, 1, 'CONSUMABLE Large Red Rocket'),
        (26337, 1, 1, 1, 1, 'CONSUMABLE Large White Rocket'),
        (26338, 1, 1, 1, 1, 'CONSUMABLE Large Yellow Rocket'),
        (26373, 1, 1, 1, 1, 'CONSUMABLE Lunar Festival Invitation'),
        (26389, 1, 1, 1, 1, 'CONSUMABLE Moonglow'),
        (26488, 1, 1, 1, 1, 'CONSUMABLE Large Blue Rocket Cluster'),
        (26490, 1, 1, 1, 1, 'CONSUMABLE Large Green Rocket Cluster'),
        (26517, 1, 1, 1, 1, 'CONSUMABLE Large Red Rocket Cluster'),
        (26521, 1, 1, 1, 1, 'CONSUMABLE Lucky Rocket Cluster'),
        (26677, 1, 1, 1, 1, 'CONSUMABLE Elixir of Poison Resistance'),
        (26681, 1, 1, 1, 1, 'CONSUMABLE Cologne Bottle'),
        (26682, 1, 1, 1, 1, 'CONSUMABLE Perfume Bottle'),
        (26899, 1, 1, 1, 1, 'CONSUMABLE Unbestowed Friendship Bracelet'),
        (27571, 1, 1, 1, 1, 'CONSUMABLE Handful of Rose Petals'),
        (27652, 1, 1, 1, 1, 'CONSUMABLE Bloodkelp Elixir of Resistance'),
        (27653, 1, 1, 1, 1, 'CONSUMABLE Bloodkelp Elixir of Dodging'),
        (27664, 1, 1, 1, 1, 'CONSUMABLE Sack of Homemade Bread'),
        (27665, 1, 1, 1, 1, 'CONSUMABLE Ironforge Pledge Collection'),
        (27666, 1, 1, 1, 1, 'CONSUMABLE Stack of Cards'),
        (27669, 1, 1, 1, 1, 'CONSUMABLE Box of Fresh Pies'),
        (27670, 1, 1, 1, 1, 'CONSUMABLE Satchel of Cards'),
        (27671, 1, 1, 1, 1, 'CONSUMABLE Book of Romantic Poems'),
        (27700, 1, 1, 1, 1, 'CONSUMABLE Homemade Bread'),
        (27701, 1, 1, 1, 1, 'CONSUMABLE Stormwind Guard\'s Card'),
        (27702, 1, 1, 1, 1, 'CONSUMABLE Pledge of Loyalty: Stormwind'),
        (27703, 1, 1, 1, 1, 'CONSUMABLE Ironforge Guard\'s Card'),
        (27704, 1, 1, 1, 1, 'CONSUMABLE Pledge of Loyalty: Ironforge'),
        (27706, 1, 1, 1, 1, 'CONSUMABLE Dwarven Homebrew'),
        (27708, 1, 1, 1, 1, 'CONSUMABLE Handmade Woodcraft'),
        (27709, 1, 1, 1, 1, 'CONSUMABLE Sentinel\'s Card'),
        (27710, 1, 1, 1, 1, 'CONSUMABLE Pledge of Loyalty: Darnassus'),
        (27711, 1, 1, 1, 1, 'CONSUMABLE Grunt\'s Card'),
        (27712, 1, 1, 1, 1, 'CONSUMABLE Freshly Baked Pie'),
        (27713, 1, 1, 1, 1, 'CONSUMABLE Pledge of Loyalty: Orgrimmar'),
        (27714, 1, 1, 1, 1, 'CONSUMABLE Freshly Picked Flowers'),
        (27715, 1, 1, 1, 1, 'CONSUMABLE Bluffwatcher\'s Card'),
        (27716, 1, 1, 1, 1, 'CONSUMABLE Pledge of Loyalty: Thunder Bluff'),
        (27717, 1, 1, 1, 1, 'CONSUMABLE Romantic Poem'),
        (27718, 1, 1, 1, 1, 'CONSUMABLE Guardian\'s Moldy Card'),
        (27719, 1, 1, 1, 1, 'CONSUMABLE Pledge of Loyalty: Undercity'),
        (27720, 1, 1, 1, 1, 'CONSUMABLE Buttermilk Delight'),
        (27721, 1, 1, 1, 1, 'CONSUMABLE Very Berry Cream'),
        (27722, 1, 1, 1, 1, 'CONSUMABLE Sweet Surprise'),
        (27723, 1, 1, 1, 1, 'CONSUMABLE Dark Desire'),
        (29007, 1, 1, 1, 1, 'CONSUMABLE Freshly-Squeezed Lemonade'),
        (29008, 1, 1, 1, 1, 'CONSUMABLE Friendship Bread'),
        (29236, 1, 1, 1, 1, 'CONSUMABLE Mug of Shimmer Stout'),
        (29305, 1, 1, 1, 1, 'CONSUMABLE Cinder Bracers'),
        (29332, 1, 1, 1, 1, 'CONSUMABLE Fire-toasted Bun'),
        (29333, 1, 1, 1, 1, 'CONSUMABLE Midsummer Sausage'),
        (29334, 1, 1, 1, 1, 'CONSUMABLE Toasted Smorc'),
        (29335, 1, 1, 1, 1, 'CONSUMABLE Elderberry Pie'),
        (29388, 1, 1, 1, 1, 'CONSUMABLE Fiery Festival Brew'),
        (29443, 1, 1, 1, 1, 'CONSUMABLE Clutch of Foresight'),
        (30088, 1, 1, 1, 1, 'CONSUMABLE Lesser Mark of the Dawn'),
        (30089, 1, 1, 1, 1, 'CONSUMABLE Mark of the Dawn'),
        (30090, 1, 1, 1, 1, 'CONSUMABLE Greater Mark of the Dawn');
